Country,2016,2015,2014,2013,2012,2011,2010,2009,2008,2007,2006,2005,2004,2003,2002,2001,2000
Afghanistan,23.4 [22.0-24.8],23.3 [21.9-24.6],23.2 [21.8-24.5],23.0 [21.7-24.4],22.9 [21.6-24.3],22.8 [21.6-24.1],22.7 [21.5-24.0],22.6 [21.4-23.9],22.5 [21.3-23.8],22.4 [21.2-23.7],22.3 [21.1-23.6],22.2 [21.0-23.5],22.1 [20.9-23.4],22.0 [20.7-23.3],21.9 [20.6-23.2],21.8 [20.5-23.2],21.7 [20.4-23.1]
Albania,26.7 [25.8-27.5],26.6 [25.8-27.4],26.5 [25.8-27.2],26.4 [25.7-27.1],26.3 [25.6-26.9],26.2 [25.6-26.8],26.1 [25.5-26.7],26.0 [25.5-26.5],25.9 [25.4-26.4],25.8 [25.3-26.3],25.7 [25.2-26.2],25.6 [25.1-26.2],25.5 [24.9-26.1],25.4 [24.8-26.0],25.3 [24.7-25.9],25.2 [24.6-25.9],25.2 [24.5-25.8]
Algeria,25.5 [24.5-26.5],25.5 [24.5-26.4],25.4 [24.5-26.2],25.3 [24.5-26.1],25.2 [24.5-26.0],25.1 [24.4-25.8],25.1 [24.4-25.7],25.0 [24.4-25.6],24.9 [24.3-25.5],24.8 [24.3-25.4],24.7 [24.2-25.3],24.7 [24.2-25.2],24.6 [24.1-25.1],24.5 [24.0-25.1],24.4 [23.9-25.0],24.4 [23.8-24.9],24.3 [23.7-24.9]
Andorra,26.7 [24.6-28.7],26.7 [24.7-28.7],26.7 [24.7-28.7],26.8 [24.8-28.7],26.8 [24.8-28.7],26.8 [24.9-28.7],26.8 [24.9-28.7],26.8 [25.0-28.7],26.8 [25.0-28.7],26.8 [25.0-28.6],26.8 [25.0-28.6],26.8 [25.0-28.6],26.8 [24.9-28.6],26.8 [24.9-28.5],26.7 [24.9-28.5],26.7 [24.9-28.5],26.7 [24.8-28.4]
Angola,23.3 [21.2-25.6],23.2 [21.1-25.4],23.2 [21.1-25.3],23.1 [21.0-25.2],23.0 [21.0-25.0],22.9 [20.9-24.9],22.8 [20.8-24.8],22.7 [20.7-24.7],22.6 [20.6-24.5],22.5 [20.6-24.4],22.4 [20.5-24.3],22.3 [20.4-24.2],22.2 [20.3-24.1],22.0 [20.1-23.9],21.9 [20.0-23.8],21.8 [19.9-23.7],21.7 [19.8-23.6]
Antigua and Barbuda,26.7 [24.6-28.8],26.6 [24.6-28.7],26.5 [24.5-28.5],26.4 [24.5-28.4],26.3 [24.4-28.3],26.2 [24.3-28.1],26.1 [24.2-28.0],26.0 [24.2-27.9],25.9 [24.1-27.8],25.8 [24.0-27.7],25.7 [23.9-27.5],25.6 [23.8-27.4],25.5 [23.8-27.3],25.4 [23.7-27.2],25.3 [23.6-27.1],25.2 [23.5-27.0],25.1 [23.4-26.9]
Argentina,27.7 [26.8-28.6],27.6 [26.8-28.4],27.5 [26.7-28.2],27.4 [26.7-28.1],27.3 [26.6-27.9],27.2 [26.6-27.7],27.1 [26.5-27.6],27.0 [26.4-27.5],26.9 [26.4-27.3],26.8 [26.3-27.2],26.7 [26.2-27.1],26.6 [26.1-27.0],26.5 [26.1-26.9],26.4 [26.0-26.9],26.3 [25.9-26.8],26.2 [25.8-26.7],26.1 [25.7-26.6]
Armenia,26.3 [25.8-26.9],26.3 [25.7-26.8],26.2 [25.7-26.7],26.2 [25.7-26.6],26.1 [25.7-26.6],26.1 [25.6-26.5],26.0 [25.6-26.5],26.0 [25.5-26.4],25.9 [25.5-26.4],25.9 [25.5-26.3],25.9 [25.4-26.3],25.8 [25.4-26.3],25.8 [25.3-26.2],25.8 [25.3-26.2],25.7 [25.3-26.2],25.7 [25.2-26.2],25.7 [25.1-26.2]
Australia,27.1 [26.6-27.6],27.1 [26.7-27.5],27.1 [26.7-27.5],27.0 [26.7-27.4],27.0 [26.7-27.3],27.0 [26.7-27.2],26.9 [26.7-27.2],26.9 [26.6-27.1],26.8 [26.6-27.1],26.8 [26.5-27.0],26.7 [26.5-27.0],26.7 [26.4-26.9],26.6 [26.3-26.8],26.5 [26.3-26.7],26.4 [26.2-26.7],26.3 [26.1-26.6],26.2 [26.0-26.5]
Austria,25.6 [24.3-26.8],25.5 [24.3-26.7],25.5 [24.4-26.6],25.5 [24.4-26.5],25.5 [24.4-26.4],25.4 [24.5-26.4],25.4 [24.5-26.3],25.4 [24.5-26.2],25.3 [24.5-26.1],25.3 [24.5-26.1],25.3 [24.5-26.0],25.2 [24.5-25.9],25.2 [24.5-25.9],25.1 [24.4-25.8],25.1 [24.4-25.7],25.0 [24.4-25.6],25.0 [24.3-25.6]
Azerbaijan,27.1 [26.0-28.1],26.9 [26.0-27.9],26.8 [26.0-27.7],26.7 [25.9-27.6],26.6 [25.9-27.4],26.5 [25.8-27.3],26.4 [25.7-27.1],26.3 [25.7-27.0],26.2 [25.6-26.9],26.1 [25.5-26.7],26.0 [25.5-26.6],26.0 [25.4-26.5],25.9 [25.3-26.4],25.8 [25.2-26.4],25.7 [25.2-26.3],25.6 [25.1-26.2],25.6 [25.0-26.1]
Bahamas,28.0 [25.9-30.1],27.9 [25.9-29.9],27.8 [25.8-29.8],27.8 [25.8-29.7],27.7 [25.7-29.6],27.6 [25.7-29.5],27.5 [25.6-29.4],27.4 [25.6-29.3],27.4 [25.5-29.2],27.3 [25.4-29.1],27.2 [25.3-29.0],27.1 [25.3-28.9],27.1 [25.2-28.8],27.0 [25.1-28.7],26.9 [25.0-28.6],26.8 [25.0-28.6],26.7 [24.9-28.5]
Bahrain,24.8 [23.7-25.8],24.8 [23.8-25.7],24.9 [24.0-25.7],24.9 [24.1-25.7],24.9 [24.2-25.7],25.0 [24.3-25.6],25.0 [24.4-25.6],25.0 [24.5-25.6],25.1 [24.6-25.6],25.1 [24.6-25.6],25.2 [24.7-25.7],25.3 [24.8-25.7],25.3 [24.9-25.7],25.4 [25.0-25.8],25.4 [25.0-25.8],25.5 [25.1-25.9],25.5 [25.1-25.9]
Bangladesh,21.7 [21.2-22.1],21.6 [21.2-21.9],21.5 [21.1-21.8],21.4 [21.0-21.7],21.3 [21.0-21.6],21.2 [20.9-21.5],21.1 [20.8-21.4],21.0 [20.7-21.3],20.9 [20.6-21.2],20.8 [20.6-21.1],20.7 [20.5-21.0],20.6 [20.4-20.9],20.5 [20.3-20.8],20.4 [20.2-20.7],20.4 [20.1-20.6],20.3 [20.0-20.5],20.2 [19.9-20.5]
Barbados,27.8 [27.0-28.6],27.7 [27.0-28.5],27.6 [27.0-28.3],27.5 [26.9-28.2],27.5 [26.8-28.1],27.4 [26.8-28.0],27.3 [26.7-27.9],27.2 [26.7-27.8],27.1 [26.6-27.7],27.1 [26.5-27.6],27.0 [26.4-27.5],26.9 [26.4-27.4],26.8 [26.3-27.3],26.7 [26.2-27.2],26.6 [26.1-27.2],26.6 [26.1-27.1],26.5 [26.0-27.0]
Belarus,26.6 [26.1-27.2],26.6 [26.0-27.2],26.5 [26.0-27.1],26.5 [25.9-27.1],26.4 [25.8-27.1],26.4 [25.7-27.1],26.3 [25.6-27.1],26.3 [25.6-27.1],26.2 [25.5-27.0],26.2 [25.3-27.0],26.1 [25.2-27.0],26.0 [25.1-27.0],26.0 [25.0-26.9],25.9 [24.9-26.9],25.8 [24.8-26.9],25.8 [24.7-26.8],25.7 [24.6-26.8]
Belgium,26.1 [25.6-26.6],26.1 [25.6-26.6],26.1 [25.6-26.5],26.0 [25.6-26.5],26.0 [25.6-26.4],26.0 [25.6-26.4],25.9 [25.6-26.3],25.9 [25.5-26.3],25.9 [25.5-26.2],25.8 [25.5-26.2],25.8 [25.4-26.1],25.7 [25.4-26.1],25.7 [25.3-26.0],25.6 [25.3-26.0],25.6 [25.3-25.9],25.5 [25.2-25.9],25.5 [25.2-25.8]
Belize,29.1 [27.9-30.2],28.9 [27.9-30.0],28.8 [27.9-29.8],28.7 [27.8-29.6],28.6 [27.8-29.5],28.5 [27.7-29.3],28.4 [27.7-29.2],28.3 [27.6-29.0],28.2 [27.5-28.9],28.1 [27.5-28.8],28.0 [27.4-28.7],27.9 [27.3-28.5],27.8 [27.2-28.4],27.7 [27.0-28.3],27.6 [26.9-28.3],27.5 [26.8-28.2],27.4 [26.7-28.1]
Benin,23.5 [22.8-24.3],23.5 [22.8-24.1],23.4 [22.8-24.0],23.3 [22.7-23.9],23.2 [22.7-23.8],23.2 [22.7-23.6],23.1 [22.6-23.5],23.0 [22.6-23.4],22.9 [22.5-23.3],22.8 [22.4-23.2],22.7 [22.3-23.1],22.6 [22.2-23.0],22.5 [22.1-23.0],22.4 [22.0-22.9],22.3 [21.8-22.8],22.2 [21.7-22.7],22.1 [21.5-22.6]
Bhutan,23.9 [23.3-24.5],23.8 [23.3-24.4],23.7 [23.2-24.2],23.6 [23.1-24.1],23.5 [23.0-24.0],23.4 [22.9-23.9],23.3 [22.8-23.8],23.2 [22.7-23.8],23.1 [22.5-23.7],23.0 [22.4-23.6],22.9 [22.2-23.5],22.8 [22.1-23.4],22.7 [21.9-23.4],22.5 [21.8-23.3],22.4 [21.6-23.2],22.3 [21.5-23.1],22.2 [21.3-23.0]
Bolivia (Plurinational State of),26.6 [25.5-27.6],26.4 [25.4-27.4],26.3 [25.3-27.2],26.2 [25.3-27.1],26.1 [25.2-26.9],26.0 [25.1-26.7],25.8 [25.1-26.6],25.7 [25.0-26.4],25.6 [24.9-26.3],25.5 [24.8-26.2],25.4 [24.7-26.0],25.3 [24.6-25.9],25.2 [24.5-25.8],25.1 [24.4-25.7],24.9 [24.3-25.6],24.8 [24.1-25.5],24.7 [24.0-25.4]
Bosnia and Herzegovina,25.8 [24.9-26.6],25.7 [24.9-26.5],25.6 [24.9-26.4],25.5 [24.8-26.3],25.5 [24.8-26.2],25.4 [24.8-26.1],25.4 [24.7-26.0],25.3 [24.7-25.9],25.2 [24.6-25.8],25.2 [24.5-25.8],25.1 [24.5-25.7],25.0 [24.4-25.7],25.0 [24.3-25.7],24.9 [24.2-25.6],24.9 [24.2-25.6],24.8 [24.1-25.5],24.8 [24.0-25.5]
Botswana,24.3 [23.7-24.9],24.3 [23.8-24.8],24.3 [23.8-24.8],24.2 [23.8-24.7],24.2 [23.8-24.7],24.2 [23.7-24.6],24.1 [23.7-24.6],24.1 [23.7-24.6],24.1 [23.6-24.5],24.0 [23.5-24.5],24.0 [23.5-24.5],23.9 [23.4-24.5],23.9 [23.3-24.4],23.8 [23.2-24.4],23.8 [23.1-24.4],23.7 [23.0-24.4],23.6 [22.9-24.3]
Brazil,26.6 [26.1-27.0],26.5 [26.1-26.9],26.3 [26.0-26.7],26.2 [25.9-26.5],26.1 [25.8-26.4],26.0 [25.7-26.2],25.8 [25.6-26.1],25.7 [25.5-25.9],25.6 [25.4-25.8],25.5 [25.3-25.7],25.4 [25.2-25.6],25.3 [25.1-25.5],25.2 [25.0-25.4],25.1 [24.9-25.3],25.0 [24.8-25.2],24.9 [24.7-25.1],24.8 [24.6-25.0]
Brunei Darussalam,27.2 [26.7-27.7],27.0 [26.6-27.5],26.9 [26.5-27.4],26.8 [26.4-27.2],26.7 [26.2-27.1],26.5 [26.1-27.0],26.4 [25.9-26.9],26.3 [25.8-26.8],26.2 [25.6-26.7],26.0 [25.5-26.6],25.9 [25.3-26.6],25.8 [25.2-26.5],25.7 [25.0-26.4],25.6 [24.9-26.3],25.5 [24.7-26.3],25.4 [24.6-26.2],25.3 [24.4-26.1]
Bulgaria,26.4 [25.3-27.6],26.4 [25.3-27.4],26.3 [25.3-27.2],26.2 [25.3-27.1],26.1 [25.3-27.0],26.1 [25.3-26.8],26.0 [25.2-26.7],25.9 [25.2-26.6],25.8 [25.2-26.5],25.8 [25.1-26.4],25.7 [25.1-26.3],25.6 [25.0-26.2],25.5 [24.9-26.1],25.5 [24.9-26.1],25.4 [24.8-26.0],25.3 [24.7-25.9],25.3 [24.7-25.9]
Burkina Faso,22.2 [21.6-22.7],22.1 [21.6-22.6],22.0 [21.6-22.5],22.0 [21.5-22.4],21.9 [21.5-22.3],21.9 [21.5-22.3],21.8 [21.4-22.2],21.7 [21.3-22.1],21.7 [21.3-22.0],21.6 [21.2-22.0],21.5 [21.1-21.9],21.4 [21.0-21.8],21.3 [20.9-21.7],21.2 [20.8-21.6],21.1 [20.7-21.6],21.0 [20.6-21.5],20.9 [20.5-21.4]
Burundi,21.7 [20.3-23.1],21.6 [20.3-23.0],21.6 [20.3-22.9],21.5 [20.2-22.8],21.4 [20.2-22.7],21.4 [20.2-22.6],21.3 [20.1-22.5],21.3 [20.1-22.4],21.2 [20.0-22.3],21.1 [19.9-22.3],21.1 [19.9-22.2],21.0 [19.8-22.1],20.9 [19.7-22.0],20.8 [19.6-22.0],20.8 [19.6-21.9],20.7 [19.5-21.9],20.6 [19.4-21.8]
Cabo Verde,24.5 [23.6-25.5],24.5 [23.6-25.4],24.4 [23.6-25.3],24.4 [23.6-25.2],24.3 [23.6-25.1],24.3 [23.6-25.0],24.2 [23.6-24.9],24.2 [23.5-24.8],24.1 [23.5-24.7],24.0 [23.4-24.6],23.9 [23.3-24.6],23.8 [23.2-24.5],23.7 [23.1-24.4],23.6 [23.0-24.3],23.5 [22.9-24.3],23.4 [22.7-24.2],23.3 [22.6-24.1]
Cambodia,22.2 [21.6-22.9],22.1 [21.5-22.7],22.0 [21.5-22.5],21.9 [21.4-22.4],21.8 [21.3-22.2],21.7 [21.2-22.1],21.6 [21.1-22.0],21.5 [21.0-21.9],21.4 [20.9-21.8],21.3 [20.8-21.7],21.2 [20.7-21.6],21.1 [20.6-21.6],21.0 [20.5-21.5],20.9 [20.4-21.5],20.8 [20.3-21.4],20.8 [20.2-21.4],20.7 [20.1-21.3]
Cameroon,24.3 [23.4-25.2],24.3 [23.5-25.1],24.2 [23.5-25.0],24.2 [23.5-24.9],24.1 [23.5-24.8],24.0 [23.4-24.7],24.0 [23.4-24.6],23.9 [23.4-24.4],23.8 [23.4-24.3],23.8 [23.3-24.2],23.7 [23.2-24.1],23.6 [23.1-24.0],23.5 [23.1-23.9],23.4 [22.9-23.8],23.3 [22.8-23.7],23.1 [22.7-23.6],23.0 [22.6-23.5]
Canada,26.9 [26.5-27.4],26.9 [26.5-27.3],26.9 [26.6-27.2],26.9 [26.6-27.2],26.9 [26.6-27.1],26.8 [26.6-27.1],26.8 [26.6-27.1],26.8 [26.6-27.0],26.8 [26.5-27.0],26.7 [26.5-27.0],26.7 [26.4-26.9],26.6 [26.4-26.9],26.6 [26.3-26.8],26.5 [26.2-26.8],26.4 [26.2-26.7],26.4 [26.1-26.7],26.3 [26.0-26.6]
Central African Republic,22.9 [21.6-24.2],22.8 [21.6-24.0],22.7 [21.6-23.9],22.6 [21.5-23.7],22.6 [21.5-23.6],22.5 [21.5-23.5],22.4 [21.4-23.4],22.3 [21.3-23.3],22.2 [21.3-23.2],22.1 [21.2-23.0],22.1 [21.1-22.9],22.0 [21.1-22.9],21.9 [21.0-22.8],21.8 [20.9-22.7],21.7 [20.8-22.6],21.6 [20.7-22.5],21.5 [20.6-22.4]
Chad,21.9 [20.9-22.9],21.9 [20.9-22.8],21.8 [20.9-22.7],21.8 [20.9-22.6],21.7 [20.9-22.6],21.7 [20.9-22.5],21.6 [20.9-22.4],21.6 [20.8-22.3],21.5 [20.8-22.3],21.5 [20.7-22.2],21.4 [20.7-22.1],21.3 [20.6-22.1],21.2 [20.5-22.0],21.2 [20.4-21.9],21.1 [20.3-21.8],21.0 [20.2-21.8],20.9 [20.1-21.7]
Chile,28.0 [27.2-28.7],27.9 [27.2-28.6],27.8 [27.2-28.4],27.7 [27.2-28.3],27.6 [27.1-28.1],27.5 [27.1-28.0],27.4 [27.0-27.9],27.3 [27.0-27.7],27.3 [26.9-27.6],27.2 [26.8-27.5],27.1 [26.8-27.4],27.0 [26.7-27.4],26.9 [26.6-27.3],26.9 [26.5-27.2],26.8 [26.4-27.2],26.7 [26.3-27.1],26.6 [26.2-27.0]
China,23.8 [23.5-24.2],23.7 [23.4-24.1],23.6 [23.3-23.9],23.5 [23.3-23.8],23.4 [23.2-23.6],23.3 [23.1-23.5],23.2 [23.0-23.4],23.1 [23.0-23.3],23.0 [22.9-23.2],22.9 [22.8-23.1],22.8 [22.7-23.0],22.8 [22.6-22.9],22.7 [22.5-22.8],22.6 [22.4-22.8],22.5 [22.4-22.7],22.5 [22.3-22.6],22.4 [22.2-22.6]
Colombia,26.2 [25.6-26.8],26.1 [25.6-26.7],26.0 [25.5-26.5],26.0 [25.5-26.4],25.9 [25.5-26.3],25.8 [25.4-26.1],25.7 [25.4-26.0],25.6 [25.3-25.9],25.5 [25.2-25.8],25.4 [25.2-25.7],25.4 [25.1-25.6],25.3 [25.0-25.6],25.2 [24.9-25.5],25.1 [24.8-25.4],25.0 [24.7-25.3],24.9 [24.6-25.3],24.8 [24.5-25.2]
Comoros,24.5 [23.8-25.1],24.3 [23.7-25.0],24.2 [23.7-24.8],24.1 [23.6-24.7],24.0 [23.5-24.5],23.9 [23.4-24.4],23.8 [23.3-24.3],23.7 [23.2-24.2],23.6 [23.1-24.1],23.5 [23.0-24.0],23.4 [22.9-23.9],23.3 [22.8-23.8],23.2 [22.6-23.8],23.1 [22.5-23.7],23.0 [22.4-23.6],22.9 [22.2-23.5],22.8 [22.1-23.4]
Congo,23.2 [22.1-24.3],23.1 [22.1-24.1],23.1 [22.1-24.0],23.0 [22.1-23.9],22.9 [22.1-23.8],22.9 [22.1-23.7],22.8 [22.1-23.5],22.7 [22.0-23.4],22.7 [22.0-23.3],22.6 [22.0-23.2],22.5 [21.9-23.1],22.5 [21.9-23.0],22.4 [21.8-23.0],22.3 [21.7-22.9],22.2 [21.7-22.8],22.1 [21.6-22.7],22.0 [21.5-22.6]
Cook Islands,32.9 [32.2-33.6],32.9 [32.2-33.5],32.8 [32.1-33.4],32.7 [32.1-33.3],32.6 [32.1-33.2],32.6 [32.0-33.1],32.5 [32.0-33.0],32.4 [31.9-32.9],32.3 [31.8-32.8],32.2 [31.7-32.8],32.2 [31.6-32.7],32.1 [31.6-32.6],32.0 [31.4-32.5],31.9 [31.3-32.4],31.8 [31.2-32.4],31.7 [31.1-32.3],31.6 [31.0-32.2]
Costa Rica,27.3 [26.7-27.9],27.3 [26.7-27.8],27.2 [26.7-27.7],27.1 [26.6-27.5],27.0 [26.6-27.4],26.9 [26.5-27.3],26.8 [26.4-27.2],26.7 [26.3-27.1],26.6 [26.2-27.0],26.5 [26.1-26.9],26.4 [26.0-26.9],26.3 [25.9-26.8],26.2 [25.7-26.7],26.1 [25.6-26.6],26.0 [25.4-26.6],25.9 [25.3-26.5],25.8 [25.1-26.4]
CÃ´te d'Ivoire,23.8 [22.9-24.6],23.7 [22.9-24.5],23.7 [22.9-24.4],23.6 [23.0-24.3],23.6 [23.0-24.2],23.5 [23.0-24.1],23.5 [23.0-24.0],23.4 [22.9-23.9],23.3 [22.9-23.8],23.3 [22.9-23.7],23.2 [22.8-23.6],23.1 [22.7-23.5],23.0 [22.6-23.4],22.9 [22.5-23.3],22.8 [22.4-23.3],22.7 [22.3-23.2],22.7 [22.2-23.1]
Croatia,27.4 [26.6-28.2],27.3 [26.5-28.0],27.1 [26.5-27.8],27.0 [26.4-27.6],26.9 [26.3-27.5],26.8 [26.2-27.3],26.7 [26.2-27.2],26.6 [26.1-27.0],26.4 [26.0-26.9],26.3 [25.9-26.8],26.2 [25.8-26.6],26.1 [25.7-26.5],26.0 [25.6-26.4],25.9 [25.4-26.3],25.8 [25.3-26.2],25.7 [25.2-26.1],25.6 [25.1-26.0]
Cuba,25.6 [24.9-26.4],25.6 [24.9-26.2],25.5 [24.9-26.1],25.4 [24.9-26.0],25.4 [24.8-25.9],25.3 [24.8-25.8],25.2 [24.8-25.7],25.2 [24.7-25.6],25.1 [24.7-25.5],25.0 [24.6-25.4],25.0 [24.6-25.3],24.9 [24.5-25.3],24.8 [24.4-25.2],24.8 [24.3-25.2],24.7 [24.3-25.1],24.6 [24.2-25.1],24.5 [24.1-25.0]
Cyprus,26.8 [25.5-28.1],26.8 [25.6-28.0],26.8 [25.6-27.9],26.8 [25.7-27.8],26.8 [25.8-27.8],26.8 [25.8-27.7],26.7 [25.9-27.6],26.7 [25.9-27.6],26.7 [25.9-27.5],26.7 [25.9-27.4],26.6 [25.9-27.3],26.6 [25.9-27.3],26.5 [25.8-27.2],26.5 [25.8-27.1],26.4 [25.8-27.0],26.3 [25.7-27.0],26.3 [25.7-26.9]
Czechia,27.1 [26.3-27.9],27.0 [26.3-27.8],27.0 [26.3-27.7],27.0 [26.3-27.6],26.9 [26.3-27.5],26.9 [26.3-27.4],26.8 [26.3-27.3],26.8 [26.3-27.2],26.7 [26.3-27.2],26.7 [26.3-27.1],26.7 [26.3-27.0],26.6 [26.3-27.0],26.6 [26.2-26.9],26.6 [26.2-26.9],26.5 [26.2-26.8],26.5 [26.2-26.8],26.5 [26.2-26.8]
Democratic People's Republic of Korea,24.1 [21.8-26.4],24.0 [21.8-26.2],23.9 [21.7-26.1],23.9 [21.7-26.0],23.8 [21.6-25.9],23.7 [21.6-25.8],23.6 [21.5-25.7],23.5 [21.5-25.6],23.5 [21.4-25.5],23.4 [21.4-25.4],23.3 [21.3-25.3],23.3 [21.3-25.3],23.2 [21.3-25.2],23.2 [21.2-25.1],23.1 [21.2-25.1],23.1 [21.1-25.0],23.0 [21.0-25.0]
Democratic Republic of the Congo,22.0 [20.9-23.0],21.9 [20.9-22.9],21.9 [20.9-22.8],21.8 [20.9-22.7],21.7 [20.8-22.6],21.6 [20.8-22.5],21.6 [20.8-22.4],21.5 [20.7-22.3],21.4 [20.6-22.2],21.3 [20.6-22.1],21.2 [20.5-22.0],21.1 [20.4-21.9],21.1 [20.3-21.8],21.0 [20.2-21.7],20.9 [20.1-21.7],20.8 [20.0-21.6],20.7 [19.9-21.5]
Denmark,25.3 [24.7-25.9],25.3 [24.8-25.8],25.3 [24.8-25.8],25.3 [24.8-25.7],25.3 [24.9-25.7],25.3 [24.9-25.7],25.3 [24.9-25.6],25.3 [24.9-25.6],25.2 [24.9-25.6],25.2 [24.9-25.5],25.2 [24.8-25.5],25.1 [24.8-25.5],25.1 [24.8-25.4],25.1 [24.7-25.4],25.0 [24.7-25.4],25.0 [24.6-25.3],24.9 [24.6-25.3]
Djibouti,24.0 [21.9-26.1],24.0 [21.9-26.0],24.0 [22.0-25.9],23.9 [22.0-25.9],23.9 [22.0-25.8],23.9 [22.0-25.8],23.9 [22.0-25.7],23.8 [22.0-25.7],23.8 [22.0-25.6],23.8 [21.9-25.6],23.7 [21.9-25.5],23.7 [21.9-25.5],23.7 [21.9-25.4],23.6 [21.9-25.4],23.6 [21.8-25.4],23.6 [21.8-25.3],23.5 [21.7-25.3]
Dominica,27.0 [26.0-28.1],26.9 [26.0-27.9],26.8 [25.9-27.8],26.8 [25.9-27.6],26.7 [25.9-27.5],26.6 [25.8-27.3],26.5 [25.8-27.2],26.4 [25.7-27.1],26.3 [25.6-27.0],26.2 [25.6-26.9],26.1 [25.5-26.8],26.0 [25.4-26.7],25.9 [25.3-26.6],25.9 [25.2-26.6],25.8 [25.1-26.5],25.7 [24.9-26.4],25.6 [24.8-26.4]
Dominican Republic,26.5 [25.8-27.1],26.4 [25.8-27.0],26.3 [25.7-26.9],26.2 [25.7-26.7],26.1 [25.6-26.6],26.0 [25.6-26.5],25.9 [25.5-26.4],25.8 [25.4-26.3],25.7 [25.3-26.2],25.6 [25.2-26.1],25.5 [25.1-26.0],25.4 [25.0-25.8],25.3 [24.9-25.7],25.2 [24.8-25.6],25.1 [24.7-25.5],25.0 [24.6-25.4],24.9 [24.5-25.3]
Ecuador,27.3 [26.6-28.0],27.1 [26.5-27.8],27.0 [26.4-27.6],26.9 [26.3-27.4],26.7 [26.2-27.3],26.6 [26.1-27.1],26.5 [26.0-27.0],26.4 [25.9-26.8],26.2 [25.7-26.7],26.1 [25.6-26.6],26.0 [25.5-26.5],25.9 [25.3-26.4],25.8 [25.2-26.3],25.7 [25.0-26.3],25.5 [24.9-26.2],25.4 [24.7-26.1],25.3 [24.6-26.0]
Egypt,29.6 [29.2-30.0],29.5 [29.1-29.8],29.3 [29.0-29.7],29.2 [28.9-29.5],29.1 [28.8-29.4],28.9 [28.7-29.2],28.8 [28.6-29.1],28.7 [28.5-28.9],28.6 [28.3-28.8],28.4 [28.2-28.7],28.3 [28.1-28.6],28.2 [28.0-28.5],28.1 [27.9-28.4],28.0 [27.7-28.3],27.9 [27.6-28.1],27.8 [27.5-28.0],27.6 [27.3-27.9]
El Salvador,27.7 [26.6-28.8],27.6 [26.5-28.6],27.5 [26.5-28.5],27.4 [26.4-28.3],27.3 [26.4-28.2],27.2 [26.4-28.0],27.1 [26.3-27.9],27.0 [26.2-27.8],26.9 [26.1-27.7],26.8 [26.1-27.5],26.7 [26.0-27.4],26.6 [25.9-27.3],26.5 [25.8-27.2],26.4 [25.6-27.1],26.2 [25.5-27.0],26.1 [25.4-26.9],26.0 [25.2-26.8]
Equatorial Guinea,24.0 [22.6-25.6],23.9 [22.5-25.5],23.9 [22.5-25.3],23.8 [22.4-25.2],23.7 [22.4-25.1],23.6 [22.3-25.0],23.5 [22.2-24.9],23.4 [22.1-24.8],23.4 [22.1-24.7],23.3 [22.0-24.6],23.2 [21.9-24.5],23.1 [21.8-24.4],23.0 [21.7-24.3],22.9 [21.6-24.2],22.8 [21.5-24.2],22.7 [21.4-24.1],22.6 [21.3-24.0]
Eritrea,20.7 [19.9-21.5],20.7 [20.0-21.4],20.6 [20.0-21.3],20.6 [20.0-21.2],20.6 [20.1-21.1],20.6 [20.1-21.0],20.5 [20.1-21.0],20.5 [20.1-20.9],20.5 [20.1-20.9],20.4 [20.0-20.8],20.4 [20.0-20.8],20.4 [20.0-20.7],20.3 [19.9-20.7],20.3 [19.9-20.7],20.2 [19.8-20.7],20.2 [19.8-20.6],20.1 [19.7-20.6]
Estonia,26.4 [25.9-26.9],26.4 [25.9-26.8],26.3 [25.9-26.7],26.3 [25.9-26.6],26.2 [25.9-26.5],26.2 [25.9-26.4],26.1 [25.9-26.4],26.1 [25.9-26.3],26.0 [25.8-26.2],26.0 [25.8-26.2],25.9 [25.7-26.1],25.8 [25.6-26.1],25.8 [25.6-26.0],25.7 [25.5-25.9],25.6 [25.4-25.9],25.5 [25.3-25.8],25.4 [25.2-25.7]
Eswatini,26.8 [26.2-27.5],26.8 [26.2-27.4],26.7 [26.1-27.2],26.6 [26.1-27.1],26.5 [26.0-27.0],26.4 [25.9-26.9],26.4 [25.9-26.8],26.3 [25.8-26.8],26.2 [25.7-26.7],26.1 [25.6-26.6],26.0 [25.4-26.5],25.9 [25.3-26.5],25.8 [25.2-26.4],25.7 [25.1-26.4],25.6 [25.0-26.3],25.6 [24.8-26.2],25.5 [24.7-26.2]
Ethiopia,20.6 [19.8-21.3],20.5 [19.9-21.2],20.5 [19.9-21.1],20.5 [19.9-21.0],20.4 [19.9-20.9],20.4 [19.9-20.9],20.3 [19.9-20.8],20.3 [19.8-20.8],20.2 [19.8-20.7],20.2 [19.7-20.7],20.2 [19.7-20.6],20.1 [19.6-20.6],20.1 [19.6-20.6],20.0 [19.5-20.6],20.0 [19.4-20.5],19.9 [19.3-20.5],19.8 [19.2-20.5]
Fiji,27.7 [27.0-28.4],27.6 [27.0-28.3],27.5 [27.0-28.1],27.4 [26.9-27.9],27.3 [26.9-27.8],27.3 [26.8-27.7],27.2 [26.8-27.5],27.1 [26.7-27.4],27.0 [26.6-27.3],26.9 [26.6-27.2],26.8 [26.5-27.2],26.7 [26.3-27.1],26.6 [26.2-27.0],26.5 [26.1-27.0],26.4 [26.0-26.9],26.4 [25.9-26.8],26.3 [25.7-26.8]
Finland,25.9 [25.5-26.4],25.9 [25.5-26.3],25.9 [25.6-26.3],26.0 [25.6-26.3],26.0 [25.7-26.2],26.0 [25.7-26.2],26.0 [25.7-26.2],26.0 [25.7-26.2],25.9 [25.8-26.1],25.9 [25.7-26.1],25.9 [25.7-26.1],25.9 [25.7-26.1],25.9 [25.7-26.1],25.8 [25.7-26.0],25.8 [25.6-26.0],25.8 [25.6-26.0],25.7 [25.5-25.9]
France,25.0 [24.3-25.8],25.0 [24.3-25.7],25.0 [24.4-25.7],25.0 [24.5-25.6],25.0 [24.5-25.6],25.1 [24.6-25.5],25.1 [24.6-25.5],25.0 [24.6-25.5],25.0 [24.6-25.4],25.0 [24.7-25.4],25.0 [24.6-25.4],25.0 [24.6-25.3],25.0 [24.6-25.3],24.9 [24.6-25.3],24.9 [24.5-25.2],24.9 [24.5-25.2],24.8 [24.5-25.2]
Gabon,25.2 [24.2-26.3],25.2 [24.2-26.1],25.1 [24.2-26.0],25.0 [24.1-25.9],24.9 [24.1-25.8],24.8 [24.0-25.7],24.7 [23.9-25.6],24.6 [23.8-25.5],24.6 [23.8-25.4],24.5 [23.7-25.3],24.4 [23.6-25.2],24.3 [23.5-25.1],24.2 [23.4-25.0],24.0 [23.2-24.9],23.9 [23.1-24.8],23.8 [23.0-24.7],23.7 [22.9-24.6]
Gambia,24.0 [23.3-24.7],23.9 [23.2-24.6],23.8 [23.2-24.4],23.7 [23.1-24.2],23.6 [23.1-24.1],23.5 [23.0-23.9],23.4 [22.9-23.8],23.3 [22.8-23.7],23.1 [22.7-23.5],23.0 [22.6-23.4],22.9 [22.5-23.3],22.7 [22.3-23.1],22.6 [22.2-23.0],22.4 [22.0-22.8],22.3 [21.8-22.7],22.1 [21.7-22.5],21.9 [21.5-22.4]
Georgia,27.6 [27.1-28.1],27.5 [27.0-27.9],27.3 [26.9-27.8],27.2 [26.8-27.6],27.1 [26.6-27.5],27.0 [26.5-27.4],26.8 [26.4-27.3],26.7 [26.2-27.2],26.6 [26.1-27.1],26.5 [25.9-27.0],26.4 [25.8-27.0],26.3 [25.6-26.9],26.2 [25.5-26.8],26.1 [25.3-26.8],26.0 [25.2-26.7],25.9 [25.1-26.7],25.8 [25.0-26.6]
Germany,26.6 [25.9-27.2],26.5 [25.9-27.1],26.5 [26.0-27.0],26.5 [26.0-26.9],26.4 [26.0-26.9],26.4 [26.0-26.8],26.3 [26.0-26.7],26.3 [26.0-26.6],26.2 [25.9-26.5],26.2 [25.9-26.5],26.1 [25.9-26.4],26.1 [25.8-26.3],26.0 [25.8-26.3],26.0 [25.7-26.2],25.9 [25.6-26.1],25.8 [25.6-26.1],25.8 [25.5-26.0]
Ghana,23.9 [23.4-24.4],23.9 [23.4-24.3],23.8 [23.4-24.2],23.8 [23.4-24.1],23.7 [23.4-24.1],23.7 [23.3-24.0],23.6 [23.3-23.9],23.5 [23.2-23.8],23.4 [23.1-23.7],23.4 [23.1-23.7],23.3 [22.9-23.6],23.2 [22.8-23.5],23.1 [22.7-23.4],22.9 [22.6-23.3],22.8 [22.5-23.2],22.7 [22.3-23.1],22.6 [22.2-23.0]
Greece,27.1 [26.2-28.1],27.1 [26.3-28.0],27.1 [26.3-27.9],27.1 [26.3-27.9],27.1 [26.4-27.8],27.1 [26.4-27.8],27.1 [26.4-27.7],27.0 [26.4-27.7],27.0 [26.4-27.6],27.0 [26.4-27.6],27.0 [26.4-27.5],26.9 [26.4-27.4],26.9 [26.4-27.4],26.8 [26.4-27.3],26.8 [26.3-27.2],26.7 [26.3-27.2],26.7 [26.2-27.1]
Grenada,27.0 [26.2-27.8],26.9 [26.1-27.7],26.8 [26.1-27.5],26.7 [26.0-27.4],26.6 [25.9-27.2],26.5 [25.8-27.1],26.4 [25.7-27.0],26.3 [25.6-26.9],26.2 [25.5-26.8],26.1 [25.4-26.8],26.0 [25.3-26.7],25.9 [25.1-26.6],25.8 [25.0-26.5],25.7 [24.9-26.5],25.5 [24.7-26.4],25.4 [24.6-26.3],25.3 [24.4-26.2]
Guatemala,26.6 [25.7-27.4],26.5 [25.7-27.3],26.4 [25.6-27.1],26.3 [25.6-27.0],26.2 [25.6-26.8],26.1 [25.5-26.7],26.0 [25.5-26.6],25.9 [25.4-26.4],25.8 [25.3-26.3],25.7 [25.3-26.2],25.6 [25.2-26.1],25.5 [25.1-25.9],25.4 [25.0-25.8],25.3 [24.9-25.7],25.2 [24.8-25.6],25.1 [24.7-25.5],25.0 [24.5-25.4]
Guinea,22.9 [21.9-23.9],22.9 [22.0-23.8],22.8 [22.0-23.6],22.8 [21.9-23.6],22.7 [21.9-23.5],22.6 [21.9-23.4],22.6 [21.9-23.3],22.5 [21.8-23.2],22.5 [21.8-23.1],22.4 [21.7-23.0],22.3 [21.6-23.0],22.2 [21.5-22.9],22.1 [21.5-22.8],22.0 [21.3-22.7],21.9 [21.2-22.6],21.9 [21.1-22.6],21.8 [21.0-22.5]
Guinea-Bissau,23.4 [22.0-24.8],23.4 [22.0-24.7],23.3 [22.0-24.6],23.2 [22.0-24.5],23.2 [21.9-24.4],23.1 [21.9-24.3],23.0 [21.8-24.3],23.0 [21.8-24.2],22.9 [21.7-24.1],22.8 [21.6-24.0],22.7 [21.6-23.9],22.6 [21.5-23.8],22.5 [21.3-23.7],22.4 [21.2-23.6],22.3 [21.1-23.5],22.2 [21.0-23.4],22.1 [20.9-23.3]
Guyana,26.4 [25.5-27.4],26.3 [25.4-27.2],26.2 [25.4-27.1],26.1 [25.3-26.9],26.0 [25.2-26.8],25.9 [25.2-26.6],25.8 [25.1-26.5],25.7 [25.0-26.4],25.6 [24.9-26.2],25.4 [24.8-26.1],25.3 [24.6-26.0],25.2 [24.5-25.9],25.1 [24.4-25.8],25.0 [24.2-25.7],24.9 [24.1-25.6],24.8 [24.0-25.6],24.6 [23.8-25.5]
Haiti,25.3 [23.9-26.6],25.2 [23.9-26.4],25.1 [23.8-26.3],25.0 [23.7-26.1],24.8 [23.7-26.0],24.7 [23.6-25.8],24.6 [23.5-25.7],24.5 [23.4-25.6],24.3 [23.2-25.4],24.2 [23.1-25.3],24.1 [23.0-25.2],23.9 [22.9-25.0],23.8 [22.7-24.9],23.7 [22.6-24.8],23.5 [22.5-24.6],23.4 [22.4-24.5],23.3 [22.3-24.4]
Honduras,26.8 [25.7-27.8],26.7 [25.6-27.6],26.5 [25.6-27.5],26.4 [25.5-27.3],26.3 [25.4-27.1],26.2 [25.4-27.0],26.1 [25.3-26.8],25.9 [25.2-26.7],25.8 [25.1-26.6],25.7 [24.9-26.4],25.6 [24.8-26.3],25.4 [24.7-26.2],25.3 [24.6-26.1],25.2 [24.4-25.9],25.0 [24.3-25.8],24.9 [24.2-25.7],24.8 [24.0-25.5]
Hungary,27.3 [25.9-28.7],27.2 [25.9-28.6],27.1 [25.9-28.4],27.0 [25.8-28.3],27.0 [25.8-28.1],26.9 [25.8-28.0],26.8 [25.7-27.8],26.7 [25.7-27.7],26.6 [25.6-27.6],26.5 [25.6-27.5],26.4 [25.5-27.3],26.3 [25.5-27.2],26.2 [25.4-27.1],26.2 [25.4-27.0],26.1 [25.4-26.8],26.0 [25.3-26.7],25.9 [25.3-26.6]
Iceland,26.2 [25.5-27.0],26.2 [25.5-26.9],26.2 [25.5-26.8],26.1 [25.6-26.8],26.1 [25.6-26.7],26.1 [25.6-26.6],26.0 [25.6-26.5],26.0 [25.5-26.5],26.0 [25.5-26.4],25.9 [25.5-26.4],25.9 [25.4-26.3],25.8 [25.4-26.2],25.7 [25.3-26.2],25.7 [25.3-26.1],25.6 [25.2-26.0],25.6 [25.1-26.0],25.5 [25.1-25.9]
India,21.8 [21.4-22.2],21.7 [21.4-22.1],21.7 [21.3-22.0],21.6 [21.3-21.9],21.5 [21.3-21.8],21.4 [21.2-21.7],21.4 [21.2-21.6],21.3 [21.1-21.5],21.2 [21.1-21.4],21.2 [21.0-21.3],21.1 [20.9-21.3],21.0 [20.9-21.2],21.0 [20.8-21.1],20.9 [20.7-21.1],20.8 [20.6-21.0],20.7 [20.5-20.9],20.7 [20.5-20.8]
Indonesia,23.1 [22.7-23.6],23.0 [22.6-23.4],22.9 [22.6-23.3],22.8 [22.5-23.2],22.7 [22.4-23.0],22.6 [22.3-22.9],22.5 [22.2-22.8],22.4 [22.1-22.7],22.3 [22.1-22.6],22.2 [22.0-22.5],22.2 [21.9-22.4],22.1 [21.8-22.3],22.0 [21.7-22.2],21.9 [21.6-22.1],21.8 [21.5-22.0],21.7 [21.5-21.9],21.6 [21.4-21.8]
Iran (Islamic Republic of),26.1 [25.7-26.6],26.1 [25.7-26.4],26.0 [25.7-26.3],26.0 [25.7-26.2],25.9 [25.7-26.1],25.8 [25.6-26.0],25.8 [25.6-26.0],25.7 [25.5-25.9],25.6 [25.5-25.8],25.6 [25.4-25.7],25.5 [25.3-25.7],25.4 [25.3-25.6],25.4 [25.2-25.5],25.3 [25.1-25.5],25.2 [25.0-25.4],25.1 [24.9-25.4],25.0 [24.8-25.3]
Iraq,28.8 [28.2-29.3],28.6 [28.1-29.1],28.5 [28.0-29.0],28.4 [27.9-28.8],28.3 [27.8-28.7],28.1 [27.7-28.6],28.0 [27.6-28.4],27.9 [27.5-28.3],27.8 [27.3-28.2],27.7 [27.2-28.1],27.6 [27.1-28.1],27.5 [27.0-28.0],27.4 [26.9-27.9],27.3 [26.7-27.8],27.2 [26.6-27.8],27.1 [26.5-27.7],27.0 [26.4-27.6]
Ireland,27.5 [26.7-28.1],27.4 [26.8-28.0],27.3 [26.8-27.9],27.3 [26.8-27.8],27.2 [26.8-27.7],27.2 [26.8-27.6],27.1 [26.8-27.5],27.1 [26.7-27.4],27.0 [26.7-27.3],26.9 [26.6-27.2],26.8 [26.6-27.1],26.8 [26.5-27.0],26.7 [26.4-27.0],26.6 [26.3-26.9],26.5 [26.2-26.8],26.4 [26.1-26.7],26.3 [26.0-26.6]
Israel,27.3 [26.4-28.2],27.2 [26.4-28.0],27.2 [26.4-27.9],27.1 [26.4-27.8],27.0 [26.4-27.7],27.0 [26.4-27.6],26.9 [26.4-27.5],26.9 [26.4-27.4],26.8 [26.3-27.3],26.7 [26.3-27.1],26.6 [26.3-27.0],26.6 [26.2-26.9],26.5 [26.1-26.8],26.4 [26.1-26.7],26.3 [26.0-26.7],26.2 [25.9-26.6],26.1 [25.8-26.5]
Italy,25.6 [25.1-26.1],25.6 [25.1-26.1],25.6 [25.2-26.1],25.6 [25.3-26.0],25.7 [25.3-26.0],25.7 [25.4-26.0],25.7 [25.4-26.0],25.7 [25.4-26.0],25.7 [25.4-25.9],25.7 [25.4-25.9],25.6 [25.4-25.9],25.6 [25.4-25.8],25.6 [25.3-25.8],25.5 [25.3-25.7],25.5 [25.3-25.7],25.4 [25.2-25.6],25.4 [25.2-25.6]
Jamaica,27.8 [26.9-28.7],27.6 [26.8-28.4],27.5 [26.7-28.2],27.4 [26.7-28.0],27.2 [26.6-27.8],27.1 [26.5-27.6],26.9 [26.4-27.4],26.8 [26.3-27.3],26.6 [26.2-27.1],26.5 [26.1-26.9],26.4 [26.0-26.7],26.2 [25.8-26.6],26.1 [25.7-26.4],25.9 [25.6-26.3],25.8 [25.4-26.1],25.6 [25.3-26.0],25.5 [25.1-25.8]
Japan,22.7 [22.3-23.0],22.7 [22.4-23.0],22.7 [22.4-22.9],22.7 [22.5-22.9],22.7 [22.5-22.9],22.7 [22.5-22.9],22.7 [22.5-22.8],22.7 [22.5-22.8],22.6 [22.5-22.8],22.6 [22.5-22.8],22.6 [22.5-22.7],22.6 [22.4-22.7],22.6 [22.4-22.7],22.5 [22.4-22.7],22.5 [22.4-22.7],22.5 [22.4-22.6],22.5 [22.3-22.6]
Jordan,29.0 [28.6-29.4],28.9 [28.5-29.3],28.8 [28.5-29.2],28.8 [28.4-29.1],28.7 [28.4-29.0],28.6 [28.3-28.9],28.5 [28.3-28.8],28.5 [28.2-28.7],28.4 [28.1-28.7],28.3 [28.1-28.6],28.3 [28.0-28.5],28.2 [27.9-28.5],28.1 [27.8-28.4],28.0 [27.7-28.3],28.0 [27.6-28.3],27.9 [27.5-28.2],27.8 [27.4-28.2]
Kazakhstan,26.4 [25.7-27.0],26.3 [25.7-27.0],26.3 [25.7-26.9],26.2 [25.6-26.8],26.1 [25.6-26.7],26.1 [25.5-26.6],26.0 [25.5-26.6],26.0 [25.4-26.6],25.9 [25.4-26.5],25.9 [25.3-26.5],25.8 [25.2-26.4],25.8 [25.2-26.4],25.7 [25.2-26.4],25.7 [25.1-26.3],25.7 [25.1-26.3],25.6 [25.0-26.2],25.6 [25.0-26.2]
Kenya,23.3 [22.8-23.9],23.3 [22.8-23.8],23.2 [22.7-23.7],23.1 [22.6-23.6],23.0 [22.6-23.5],22.9 [22.5-23.4],22.8 [22.4-23.3],22.8 [22.3-23.3],22.7 [22.2-23.2],22.6 [22.1-23.1],22.5 [22.0-23.1],22.4 [21.9-23.0],22.3 [21.8-22.9],22.2 [21.7-22.8],22.2 [21.6-22.8],22.1 [21.5-22.7],22.0 [21.3-22.6]
Kiribati,30.1 [28.9-31.2],30.0 [28.9-31.0],29.9 [28.9-30.9],29.8 [28.9-30.7],29.7 [28.9-30.6],29.7 [28.8-30.5],29.6 [28.8-30.3],29.5 [28.8-30.2],29.4 [28.8-30.1],29.3 [28.7-30.0],29.3 [28.7-29.9],29.2 [28.6-29.8],29.1 [28.5-29.7],29.0 [28.4-29.6],28.9 [28.4-29.5],28.8 [28.2-29.4],28.7 [28.1-29.2]
Kuwait,29.6 [29.0-30.1],29.5 [29.0-29.9],29.4 [29.0-29.8],29.3 [28.9-29.7],29.2 [28.9-29.5],29.1 [28.8-29.4],29.0 [28.8-29.3],29.0 [28.7-29.2],28.9 [28.6-29.1],28.8 [28.5-29.1],28.7 [28.5-29.0],28.7 [28.4-28.9],28.6 [28.3-28.9],28.5 [28.2-28.8],28.4 [28.1-28.8],28.4 [28.0-28.7],28.3 [27.9-28.6]
Kyrgyzstan,26.6 [26.0-27.2],26.5 [25.9-27.0],26.4 [25.8-26.9],26.2 [25.7-26.7],26.1 [25.6-26.6],26.0 [25.5-26.4],25.8 [25.4-26.3],25.7 [25.2-26.2],25.6 [25.1-26.1],25.5 [25.0-25.9],25.4 [24.9-25.8],25.2 [24.8-25.7],25.1 [24.6-25.6],25.0 [24.5-25.5],24.9 [24.4-25.4],24.8 [24.3-25.3],24.7 [24.2-25.2]
Lao People's Democratic Republic,22.9 [22.3-23.6],22.8 [22.2-23.4],22.7 [22.1-23.2],22.6 [22.1-23.1],22.4 [21.9-22.9],22.3 [21.8-22.8],22.2 [21.7-22.7],22.1 [21.6-22.6],22.0 [21.4-22.5],21.8 [21.3-22.4],21.7 [21.2-22.3],21.6 [21.0-22.2],21.5 [20.9-22.1],21.4 [20.7-22.0],21.3 [20.6-21.9],21.2 [20.5-21.9],21.1 [20.3-21.8]
Latvia,26.7 [25.8-27.5],26.6 [25.8-27.4],26.5 [25.8-27.3],26.5 [25.8-27.2],26.4 [25.8-27.1],26.3 [25.8-26.9],26.3 [25.7-26.8],26.2 [25.7-26.7],26.2 [25.7-26.7],26.1 [25.6-26.6],26.0 [25.6-26.5],25.9 [25.5-26.4],25.9 [25.4-26.3],25.8 [25.3-26.2],25.7 [25.3-26.2],25.6 [25.2-26.1],25.6 [25.1-26.1]
Lebanon,27.6 [26.8-28.5],27.5 [26.8-28.3],27.5 [26.7-28.2],27.4 [26.7-28.0],27.3 [26.7-27.9],27.2 [26.6-27.8],27.1 [26.6-27.6],27.0 [26.5-27.5],27.0 [26.5-27.4],26.9 [26.4-27.3],26.8 [26.4-27.2],26.7 [26.3-27.2],26.7 [26.2-27.1],26.6 [26.2-27.0],26.5 [26.1-27.0],26.4 [26.0-26.9],26.4 [25.9-26.8]
Lesotho,24.9 [24.4-25.5],24.9 [24.4-25.4],24.9 [24.4-25.3],24.8 [24.4-25.2],24.8 [24.4-25.2],24.7 [24.3-25.1],24.7 [24.3-25.0],24.6 [24.2-25.0],24.5 [24.1-24.9],24.5 [24.0-24.9],24.4 [23.9-24.9],24.3 [23.8-24.8],24.3 [23.8-24.8],24.2 [23.7-24.7],24.1 [23.6-24.7],24.1 [23.5-24.7],24.0 [23.4-24.6]
Liberia,24.1 [23.5-24.7],24.0 [23.5-24.6],24.0 [23.5-24.5],24.0 [23.5-24.4],23.9 [23.5-24.4],23.9 [23.4-24.3],23.8 [23.4-24.2],23.7 [23.3-24.2],23.7 [23.2-24.1],23.6 [23.1-24.1],23.5 [23.0-24.0],23.4 [22.8-24.0],23.3 [22.7-23.9],23.2 [22.6-23.9],23.2 [22.5-23.8],23.1 [22.4-23.8],23.0 [22.2-23.8]
Libya,28.1 [27.2-28.9],28.0 [27.2-28.8],27.9 [27.2-28.6],27.8 [27.1-28.5],27.7 [27.1-28.4],27.7 [27.1-28.3],27.6 [27.0-28.2],27.5 [26.9-28.1],27.4 [26.9-28.0],27.4 [26.8-27.9],27.3 [26.7-27.8],27.2 [26.6-27.8],27.1 [26.6-27.7],27.1 [26.5-27.7],27.0 [26.4-27.6],26.9 [26.3-27.6],26.9 [26.2-27.5]
Lithuania,26.4 [25.4-27.5],26.4 [25.5-27.4],26.4 [25.5-27.3],26.4 [25.6-27.2],26.4 [25.6-27.1],26.3 [25.6-27.0],26.3 [25.7-27.0],26.3 [25.7-26.9],26.3 [25.7-26.8],26.2 [25.7-26.7],26.2 [25.7-26.7],26.2 [25.7-26.6],26.1 [25.7-26.5],26.1 [25.7-26.5],26.1 [25.7-26.4],26.0 [25.7-26.4],26.0 [25.7-26.4]
Luxembourg,26.3 [25.4-27.2],26.3 [25.4-27.1],26.2 [25.5-27.0],26.2 [25.5-26.9],26.2 [25.5-26.9],26.1 [25.5-26.8],26.1 [25.5-26.7],26.1 [25.5-26.7],26.0 [25.4-26.6],26.0 [25.4-26.6],25.9 [25.3-26.5],25.9 [25.3-26.5],25.8 [25.2-26.4],25.7 [25.1-26.4],25.7 [25.0-26.4],25.6 [24.9-26.3],25.6 [24.8-26.3]
Madagascar,21.3 [20.3-22.3],21.3 [20.3-22.2],21.2 [20.3-22.1],21.2 [20.3-22.1],21.1 [20.3-21.9],21.1 [20.3-21.9],21.1 [20.3-21.8],21.0 [20.3-21.7],21.0 [20.3-21.6],20.9 [20.3-21.6],20.9 [20.3-21.5],20.9 [20.3-21.5],20.8 [20.2-21.4],20.8 [20.2-21.4],20.7 [20.2-21.3],20.7 [20.1-21.3],20.6 [20.0-21.2]
Malawi,22.9 [22.2-23.5],22.8 [22.2-23.4],22.8 [22.2-23.3],22.7 [22.2-23.2],22.6 [22.2-23.1],22.6 [22.1-23.0],22.5 [22.1-22.9],22.4 [22.0-22.8],22.4 [22.0-22.8],22.3 [21.9-22.7],22.2 [21.8-22.6],22.1 [21.7-22.6],22.1 [21.7-22.5],22.0 [21.6-22.4],21.9 [21.5-22.4],21.8 [21.4-22.3],21.7 [21.3-22.2]
Malaysia,25.7 [25.3-26.1],25.6 [25.3-25.9],25.5 [25.2-25.8],25.4 [25.1-25.6],25.3 [25.0-25.5],25.1 [24.9-25.4],25.0 [24.8-25.2],24.9 [24.7-25.1],24.8 [24.6-25.0],24.7 [24.5-24.9],24.6 [24.4-24.8],24.5 [24.2-24.7],24.3 [24.1-24.6],24.2 [24.0-24.4],24.1 [23.8-24.3],24.0 [23.7-24.2],23.8 [23.5-24.1]
Maldives,25.5 [24.7-26.2],25.3 [24.7-26.0],25.2 [24.6-25.8],25.0 [24.5-25.6],24.9 [24.3-25.4],24.7 [24.2-25.2],24.6 [24.1-25.0],24.4 [24.0-24.9],24.2 [23.8-24.7],24.1 [23.6-24.6],24.0 [23.5-24.4],23.8 [23.3-24.3],23.7 [23.2-24.2],23.5 [23.0-24.1],23.4 [22.8-24.0],23.3 [22.7-23.9],23.1 [22.5-23.8]
Mali,23.0 [22.0-24.0],22.9 [22.0-23.8],22.9 [22.0-23.7],22.8 [22.0-23.6],22.7 [22.0-23.5],22.6 [21.9-23.4],22.6 [21.9-23.3],22.5 [21.8-23.1],22.4 [21.8-23.0],22.3 [21.7-22.9],22.2 [21.6-22.8],22.1 [21.5-22.7],22.0 [21.4-22.6],21.9 [21.3-22.5],21.8 [21.2-22.3],21.6 [21.0-22.2],21.5 [20.9-22.1]
Malta,27.1 [25.4-28.7],27.1 [25.5-28.7],27.1 [25.5-28.7],27.1 [25.6-28.6],27.1 [25.7-28.6],27.1 [25.7-28.5],27.1 [25.7-28.5],27.1 [25.8-28.5],27.1 [25.8-28.4],27.1 [25.8-28.4],27.1 [25.8-28.3],27.1 [25.8-28.3],27.0 [25.9-28.2],27.0 [25.8-28.2],27.0 [25.8-28.1],26.9 [25.8-28.0],26.9 [25.8-28.0]
Marshall Islands,29.6 [28.3-30.8],29.5 [28.3-30.7],29.5 [28.4-30.6],29.5 [28.4-30.5],29.4 [28.4-30.4],29.4 [28.5-30.3],29.4 [28.5-30.2],29.3 [28.5-30.1],29.3 [28.5-30.0],29.3 [28.5-30.0],29.2 [28.6-29.9],29.2 [28.6-29.8],29.2 [28.5-29.8],29.1 [28.5-29.7],29.1 [28.5-29.7],29.1 [28.5-29.7],29.0 [28.4-29.7]
Mauritania,24.9 [23.7-26.1],24.9 [23.7-26.0],24.8 [23.7-25.9],24.8 [23.7-25.8],24.7 [23.7-25.7],24.6 [23.7-25.6],24.6 [23.7-25.5],24.5 [23.7-25.4],24.4 [23.6-25.3],24.4 [23.5-25.2],24.3 [23.5-25.1],24.2 [23.4-25.0],24.1 [23.3-24.9],24.0 [23.2-24.8],23.9 [23.1-24.7],23.8 [23.0-24.6],23.7 [22.9-24.5]
Mauritius,25.2 [24.4-26.0],25.2 [24.4-25.9],25.2 [24.5-25.8],25.1 [24.5-25.7],25.1 [24.5-25.6],25.0 [24.5-25.6],25.0 [24.5-25.5],24.9 [24.5-25.4],24.9 [24.5-25.3],24.9 [24.4-25.3],24.8 [24.4-25.2],24.8 [24.4-25.1],24.7 [24.3-25.1],24.7 [24.3-25.0],24.6 [24.2-25.0],24.5 [24.2-24.9],24.5 [24.1-24.8]
Mexico,28.0 [27.6-28.3],27.9 [27.6-28.2],27.8 [27.5-28.1],27.7 [27.5-28.0],27.7 [27.4-27.9],27.6 [27.4-27.8],27.5 [27.3-27.7],27.5 [27.3-27.6],27.4 [27.2-27.6],27.3 [27.1-27.5],27.2 [27.1-27.4],27.2 [27.0-27.3],27.1 [26.9-27.3],27.0 [26.8-27.2],26.9 [26.7-27.1],26.8 [26.6-27.0],26.7 [26.5-26.9]
Micronesia (Federated States of),29.7 [28.7-30.6],29.6 [28.7-30.5],29.6 [28.7-30.4],29.5 [28.7-30.2],29.4 [28.7-30.1],29.4 [28.7-30.0],29.3 [28.7-29.9],29.3 [28.7-29.8],29.2 [28.6-29.8],29.1 [28.6-29.7],29.1 [28.5-29.6],29.0 [28.5-29.6],29.0 [28.4-29.6],28.9 [28.3-29.5],28.9 [28.3-29.5],28.8 [28.2-29.5],28.8 [28.1-29.5]
Monaco,No data,No data,No data,No data,No data,No data,No data,No data,No data,No data,No data,No data,No data,No data,No data,No data,No data
Mongolia,26.2 [25.6-26.8],26.1 [25.6-26.6],26.0 [25.5-26.5],25.8 [25.4-26.3],25.7 [25.3-26.1],25.6 [25.2-26.0],25.4 [25.1-25.8],25.3 [25.0-25.6],25.2 [24.9-25.5],25.0 [24.7-25.4],24.9 [24.6-25.2],24.8 [24.5-25.1],24.7 [24.4-25.0],24.6 [24.2-24.9],24.5 [24.1-24.8],24.4 [24.0-24.8],24.3 [23.9-24.7]
Montenegro,26.5 [24.9-28.2],26.5 [24.8-28.1],26.4 [24.8-28.0],26.3 [24.7-27.9],26.2 [24.7-27.8],26.1 [24.6-27.7],26.1 [24.5-27.6],26.0 [24.5-27.5],25.9 [24.4-27.4],25.8 [24.3-27.3],25.8 [24.3-27.2],25.7 [24.2-27.1],25.6 [24.1-27.0],25.5 [24.0-26.9],25.4 [23.9-26.8],25.3 [23.8-26.8],25.2 [23.7-26.7]
Morocco,26.0 [24.8-27.0],25.9 [24.8-26.9],25.8 [24.8-26.7],25.7 [24.8-26.6],25.6 [24.8-26.4],25.5 [24.7-26.3],25.4 [24.7-26.2],25.3 [24.7-26.0],25.3 [24.6-25.9],25.2 [24.6-25.8],25.1 [24.5-25.7],25.0 [24.5-25.6],24.9 [24.4-25.4],24.9 [24.4-25.3],24.8 [24.3-25.3],24.7 [24.3-25.2],24.6 [24.2-25.1]
Mozambique,22.8 [22.2-23.3],22.7 [22.2-23.2],22.6 [22.2-23.1],22.5 [22.1-23.0],22.5 [22.0-22.9],22.4 [22.0-22.8],22.3 [21.9-22.7],22.3 [21.9-22.6],22.2 [21.8-22.6],22.1 [21.7-22.5],22.0 [21.6-22.4],22.0 [21.6-22.4],21.9 [21.5-22.3],21.8 [21.4-22.3],21.7 [21.3-22.2],21.7 [21.2-22.1],21.6 [21.1-22.1]
Myanmar,22.6 [22.1-23.2],22.6 [22.0-23.1],22.5 [22.0-22.9],22.4 [21.9-22.8],22.3 [21.9-22.7],22.2 [21.8-22.6],22.1 [21.7-22.5],22.0 [21.6-22.4],21.9 [21.5-22.3],21.8 [21.4-22.3],21.8 [21.3-22.2],21.7 [21.2-22.2],21.6 [21.1-22.1],21.5 [21.0-22.1],21.5 [20.9-22.0],21.4 [20.7-22.0],21.3 [20.6-22.0]
Namibia,24.2 [23.4-25.0],24.2 [23.4-24.9],24.1 [23.4-24.7],24.0 [23.4-24.6],23.9 [23.4-24.5],23.9 [23.3-24.4],23.8 [23.3-24.3],23.7 [23.3-24.2],23.6 [23.2-24.1],23.5 [23.1-24.0],23.5 [23.0-23.9],23.4 [22.9-23.8],23.3 [22.8-23.7],23.2 [22.7-23.6],23.1 [22.6-23.5],23.0 [22.5-23.5],22.9 [22.4-23.4]
Nauru,32.5 [31.4-33.5],32.5 [31.5-33.5],32.6 [31.7-33.5],32.7 [31.8-33.5],32.7 [31.9-33.5],32.8 [32.0-33.5],32.8 [32.1-33.5],32.9 [32.3-33.5],33.0 [32.4-33.5],33.0 [32.5-33.5],33.1 [32.6-33.6],33.2 [32.7-33.6],33.2 [32.8-33.7],33.3 [32.9-33.7],33.4 [32.9-33.8],33.4 [33.0-33.8],33.5 [33.1-33.9]
Nepal,22.5 [22.0-23.0],22.4 [21.9-22.8],22.2 [21.8-22.7],22.1 [21.8-22.5],22.0 [21.7-22.4],21.9 [21.6-22.2],21.8 [21.5-22.1],21.7 [21.4-22.0],21.6 [21.3-21.8],21.4 [21.2-21.7],21.3 [21.0-21.6],21.2 [20.9-21.5],21.1 [20.8-21.4],21.0 [20.7-21.3],20.9 [20.5-21.2],20.8 [20.4-21.2],20.7 [20.2-21.1]
Netherlands,25.6 [24.9-26.2],25.5 [25.0-26.1],25.5 [25.0-26.1],25.5 [25.1-26.0],25.5 [25.1-26.0],25.5 [25.1-25.9],25.5 [25.1-25.9],25.5 [25.1-25.8],25.4 [25.1-25.8],25.4 [25.1-25.7],25.4 [25.1-25.7],25.3 [25.0-25.6],25.3 [25.0-25.5],25.2 [24.9-25.5],25.1 [24.8-25.4],25.1 [24.8-25.4],25.0 [24.7-25.3]
New Zealand,28.0 [27.8-28.3],28.0 [27.7-28.2],27.9 [27.7-28.1],27.8 [27.6-28.1],27.8 [27.6-28.0],27.7 [27.5-27.9],27.6 [27.4-27.8],27.6 [27.3-27.8],27.5 [27.2-27.7],27.4 [27.1-27.6],27.3 [27.0-27.5],27.2 [26.9-27.4],27.1 [26.8-27.4],27.0 [26.7-27.3],26.9 [26.6-27.2],26.8 [26.5-27.1],26.7 [26.4-26.9]
Nicaragua,27.2 [26.1-28.4],27.2 [26.1-28.2],27.1 [26.1-28.1],27.0 [26.0-27.9],26.9 [26.0-27.8],26.8 [26.0-27.7],26.7 [25.9-27.6],26.6 [25.9-27.4],26.5 [25.8-27.3],26.5 [25.7-27.2],26.4 [25.7-27.1],26.3 [25.6-27.0],26.2 [25.5-26.9],26.1 [25.4-26.8],26.0 [25.3-26.7],25.9 [25.2-26.6],25.8 [25.1-26.5]
Niger,21.8 [21.0-22.6],21.8 [21.0-22.5],21.7 [21.1-22.4],21.7 [21.1-22.3],21.6 [21.1-22.2],21.6 [21.1-22.1],21.5 [21.0-22.0],21.5 [21.0-21.9],21.4 [21.0-21.9],21.3 [20.9-21.8],21.3 [20.8-21.7],21.2 [20.7-21.7],21.1 [20.7-21.6],21.0 [20.6-21.5],20.9 [20.5-21.4],20.9 [20.3-21.4],20.8 [20.2-21.3]
Nigeria,23.2 [22.6-23.9],23.2 [22.6-23.8],23.2 [22.6-23.7],23.1 [22.6-23.6],23.1 [22.6-23.5],23.0 [22.6-23.4],23.0 [22.6-23.4],22.9 [22.6-23.3],22.9 [22.5-23.2],22.8 [22.5-23.1],22.8 [22.4-23.1],22.7 [22.4-23.0],22.6 [22.3-22.9],22.5 [22.2-22.9],22.5 [22.1-22.8],22.4 [22.0-22.7],22.3 [21.9-22.6]
Niue,32.4 [31.5-33.2],32.3 [31.5-33.1],32.2 [31.5-33.0],32.2 [31.5-32.9],32.1 [31.4-32.7],32.0 [31.3-32.6],31.9 [31.3-32.6],31.8 [31.2-32.5],31.8 [31.1-32.5],31.7 [31.0-32.4],31.6 [30.9-32.3],31.5 [30.8-32.3],31.5 [30.7-32.3],31.4 [30.6-32.2],31.3 [30.5-32.2],31.2 [30.4-32.1],31.2 [30.3-32.1]
Norway,26.7 [25.7-27.7],26.6 [25.8-27.5],26.6 [25.8-27.4],26.5 [25.8-27.3],26.5 [25.8-27.2],26.4 [25.8-27.1],26.4 [25.8-27.0],26.3 [25.7-26.9],26.3 [25.7-26.8],26.2 [25.7-26.7],26.1 [25.7-26.6],26.0 [25.6-26.5],26.0 [25.5-26.4],25.9 [25.5-26.3],25.8 [25.4-26.2],25.7 [25.3-26.1],25.6 [25.2-26.0]
Oman,26.3 [25.4-27.2],26.3 [25.4-27.1],26.2 [25.4-26.9],26.1 [25.4-26.8],26.1 [25.4-26.7],26.0 [25.4-26.5],25.9 [25.4-26.4],25.9 [25.4-26.3],25.8 [25.3-26.2],25.7 [25.3-26.1],25.7 [25.3-26.1],25.6 [25.3-26.0],25.6 [25.2-25.9],25.5 [25.2-25.9],25.5 [25.2-25.8],25.5 [25.1-25.8],25.4 [25.1-25.7]
Pakistan,23.9 [23.4-24.5],23.9 [23.3-24.4],23.8 [23.3-24.2],23.7 [23.3-24.1],23.6 [23.2-24.0],23.5 [23.1-23.9],23.4 [23.1-23.8],23.3 [23.0-23.7],23.2 [22.9-23.6],23.2 [22.8-23.5],23.1 [22.7-23.4],23.0 [22.6-23.3],22.9 [22.6-23.2],22.8 [22.4-23.1],22.7 [22.3-23.0],22.6 [22.2-22.9],22.5 [22.1-22.8]
Palau,29.5 [28.8-30.3],29.5 [28.8-30.2],29.5 [28.8-30.2],29.5 [28.9-30.2],29.5 [28.9-30.2],29.5 [28.8-30.2],29.5 [28.8-30.2],29.5 [28.8-30.2],29.5 [28.7-30.2],29.5 [28.7-30.3],29.4 [28.6-30.3],29.4 [28.6-30.3],29.4 [28.5-30.3],29.4 [28.5-30.3],29.4 [28.4-30.3],29.4 [28.4-30.4],29.4 [28.3-30.4]
Panama,26.9 [25.9-27.9],26.8 [25.9-27.8],26.8 [25.9-27.6],26.7 [25.9-27.5],26.6 [25.9-27.4],26.5 [25.8-27.2],26.5 [25.8-27.1],26.4 [25.7-27.0],26.3 [25.7-26.9],26.2 [25.6-26.8],26.1 [25.6-26.7],26.1 [25.5-26.6],26.0 [25.4-26.6],25.9 [25.3-26.5],25.8 [25.2-26.4],25.7 [25.1-26.3],25.6 [24.9-26.2]
Papua New Guinea,25.6 [24.6-26.7],25.5 [24.6-26.5],25.4 [24.6-26.3],25.3 [24.5-26.2],25.2 [24.5-26.0],25.1 [24.4-25.9],25.0 [24.4-25.7],24.9 [24.3-25.6],24.9 [24.2-25.5],24.8 [24.2-25.3],24.7 [24.1-25.2],24.6 [24.0-25.1],24.5 [23.9-25.1],24.4 [23.8-25.0],24.3 [23.7-24.9],24.2 [23.5-24.8],24.1 [23.4-24.7]
Paraguay,26.7 [24.5-28.9],26.6 [24.5-28.7],26.5 [24.4-28.6],26.4 [24.3-28.4],26.3 [24.2-28.3],26.2 [24.1-28.1],26.0 [24.0-28.0],25.9 [24.0-27.8],25.8 [23.9-27.7],25.7 [23.8-27.6],25.6 [23.7-27.5],25.5 [23.6-27.3],25.4 [23.5-27.2],25.3 [23.4-27.1],25.1 [23.3-27.0],25.0 [23.1-26.9],24.9 [23.0-26.8]
Peru,26.7 [26.3-27.0],26.5 [26.3-26.8],26.4 [26.2-26.7],26.3 [26.1-26.6],26.2 [26.0-26.4],26.1 [25.9-26.3],26.0 [25.8-26.2],25.9 [25.7-26.1],25.8 [25.6-26.0],25.7 [25.4-25.9],25.6 [25.3-25.8],25.5 [25.2-25.7],25.4 [25.1-25.7],25.3 [25.0-25.6],25.2 [24.9-25.5],25.1 [24.8-25.5],25.0 [24.6-25.4]
Philippines,23.2 [22.5-23.8],23.1 [22.5-23.7],23.0 [22.5-23.6],22.9 [22.4-23.5],22.9 [22.4-23.3],22.8 [22.4-23.2],22.7 [22.4-23.1],22.7 [22.3-23.0],22.6 [22.3-23.0],22.6 [22.3-22.9],22.5 [22.2-22.8],22.5 [22.2-22.8],22.4 [22.2-22.7],22.4 [22.1-22.6],22.3 [22.1-22.6],22.3 [22.0-22.5],22.2 [21.9-22.5]
Poland,26.7 [26.3-27.1],26.6 [26.3-26.9],26.5 [26.2-26.8],26.4 [26.1-26.7],26.3 [26.1-26.6],26.2 [26.0-26.5],26.1 [25.9-26.4],26.1 [25.8-26.3],26.0 [25.8-26.2],25.9 [25.7-26.1],25.8 [25.6-26.0],25.7 [25.5-25.9],25.7 [25.5-25.9],25.6 [25.4-25.8],25.5 [25.3-25.7],25.5 [25.2-25.7],25.4 [25.2-25.6]
Portugal,25.6 [24.9-26.4],25.7 [25.0-26.3],25.7 [25.1-26.3],25.7 [25.2-26.3],25.8 [25.3-26.3],25.8 [25.3-26.2],25.8 [25.4-26.2],25.8 [25.4-26.2],25.8 [25.5-26.2],25.8 [25.5-26.1],25.8 [25.5-26.1],25.8 [25.4-26.1],25.7 [25.4-26.0],25.7 [25.3-26.0],25.6 [25.3-26.0],25.6 [25.2-25.9],25.5 [25.1-25.9]
Qatar,29.2 [28.4-29.9],29.1 [28.4-29.7],29.0 [28.4-29.6],28.8 [28.3-29.4],28.7 [28.2-29.2],28.6 [28.1-29.1],28.5 [28.0-28.9],28.4 [27.9-28.8],28.3 [27.8-28.7],28.2 [27.7-28.6],28.1 [27.6-28.6],28.0 [27.5-28.5],28.0 [27.5-28.5],27.9 [27.3-28.4],27.8 [27.2-28.4],27.7 [27.1-28.3],27.6 [27.0-28.3]
Republic of Korea,23.8 [23.5-24.0],23.7 [23.5-23.9],23.7 [23.5-23.9],23.6 [23.5-23.8],23.6 [23.5-23.7],23.6 [23.4-23.7],23.5 [23.4-23.7],23.5 [23.4-23.6],23.5 [23.3-23.6],23.4 [23.3-23.6],23.4 [23.2-23.5],23.3 [23.2-23.5],23.3 [23.1-23.5],23.3 [23.1-23.4],23.2 [23.0-23.4],23.2 [23.0-23.4],23.1 [22.9-23.3]
Republic of Moldova,27.0 [26.3-27.7],27.0 [26.3-27.6],26.9 [26.3-27.5],26.8 [26.3-27.4],26.8 [26.2-27.3],26.7 [26.2-27.2],26.6 [26.1-27.2],26.6 [26.0-27.1],26.5 [25.9-27.1],26.4 [25.8-27.0],26.4 [25.7-27.0],26.3 [25.6-26.9],26.2 [25.5-26.9],26.1 [25.4-26.8],26.0 [25.3-26.8],26.0 [25.2-26.7],25.9 [25.1-26.7]
North Macedonia,26.8 [25.2-28.4],26.7 [25.1-28.2],26.6 [25.1-28.1],26.5 [25.1-28.0],26.4 [25.0-27.9],26.4 [25.0-27.7],26.3 [24.9-27.6],26.2 [24.9-27.5],26.1 [24.9-27.5],26.1 [24.8-27.4],26.0 [24.7-27.3],25.9 [24.7-27.2],25.9 [24.6-27.1],25.8 [24.6-27.0],25.8 [24.5-27.0],25.7 [24.5-26.9],25.6 [24.4-26.9]
Romania,26.9 [26.5-27.3],26.7 [26.3-27.2],26.6 [26.2-27.0],26.4 [26.1-26.8],26.3 [25.9-26.7],26.2 [25.8-26.5],26.0 [25.7-26.4],25.9 [25.5-26.3],25.8 [25.4-26.1],25.6 [25.2-26.0],25.5 [25.1-25.9],25.4 [25.0-25.8],25.3 [24.8-25.7],25.1 [24.7-25.6],25.0 [24.6-25.5],24.9 [24.5-25.4],24.8 [24.4-25.3]
Russian Federation,26.2 [25.6-26.8],26.2 [25.7-26.7],26.2 [25.7-26.6],26.2 [25.7-26.6],26.1 [25.7-26.5],26.1 [25.8-26.5],26.1 [25.8-26.4],26.1 [25.8-26.4],26.1 [25.8-26.3],26.0 [25.8-26.3],26.0 [25.8-26.2],26.0 [25.7-26.2],25.9 [25.7-26.1],25.9 [25.7-26.1],25.8 [25.7-26.0],25.8 [25.6-26.0],25.7 [25.6-25.9]
Rwanda,22.1 [21.6-22.5],22.0 [21.6-22.4],21.9 [21.6-22.3],21.9 [21.5-22.2],21.8 [21.5-22.1],21.7 [21.4-22.1],21.7 [21.3-22.0],21.6 [21.3-22.0],21.5 [21.2-21.9],21.5 [21.1-21.9],21.4 [21.0-21.8],21.3 [20.9-21.8],21.2 [20.8-21.7],21.2 [20.6-21.7],21.1 [20.5-21.6],21.0 [20.4-21.6],20.9 [20.3-21.5]
Saint Kitts and Nevis,29.5 [28.1-30.8],29.3 [28.1-30.6],29.2 [28.0-30.4],29.1 [27.9-30.2],28.9 [27.8-30.1],28.8 [27.7-29.9],28.7 [27.6-29.8],28.6 [27.5-29.6],28.4 [27.4-29.5],28.3 [27.3-29.4],28.2 [27.2-29.2],28.1 [27.1-29.1],27.9 [26.9-29.0],27.8 [26.8-28.9],27.7 [26.6-28.8],27.6 [26.5-28.6],27.4 [26.4-28.5]
Saint Lucia,30.0 [29.2-30.8],29.8 [29.1-30.5],29.6 [28.9-30.2],29.4 [28.7-30.0],29.1 [28.5-29.7],28.9 [28.4-29.5],28.7 [28.2-29.3],28.6 [28.0-29.1],28.4 [27.8-28.9],28.2 [27.6-28.7],28.0 [27.4-28.6],27.8 [27.2-28.4],27.6 [27.0-28.2],27.4 [26.8-28.0],27.2 [26.6-27.9],27.1 [26.4-27.7],26.9 [26.2-27.5]
Saint Vincent and the Grenadines,27.2 [25.2-29.3],27.1 [25.1-29.1],27.0 [25.0-29.0],26.9 [25.0-28.9],26.8 [24.9-28.7],26.7 [24.8-28.6],26.6 [24.7-28.5],26.5 [24.6-28.3],26.4 [24.6-28.2],26.3 [24.5-28.1],26.1 [24.4-27.9],26.0 [24.3-27.8],25.9 [24.1-27.7],25.8 [24.0-27.6],25.7 [23.9-27.4],25.6 [23.8-27.3],25.5 [23.7-27.2]
Samoa,32.2 [31.5-32.8],32.1 [31.5-32.6],32.0 [31.4-32.5],31.8 [31.4-32.3],31.7 [31.3-32.2],31.6 [31.2-32.0],31.5 [31.1-31.9],31.4 [31.0-31.8],31.3 [30.9-31.7],31.2 [30.8-31.6],31.1 [30.7-31.5],31.0 [30.6-31.3],30.9 [30.5-31.2],30.8 [30.4-31.1],30.7 [30.3-31.0],30.6 [30.2-30.9],30.5 [30.1-30.8]
San Marino,No data,No data,No data,No data,No data,No data,No data,No data,No data,No data,No data,No data,No data,No data,No data,No data,No data
Sao Tome and Principe,24.8 [24.0-25.6],24.7 [24.0-25.5],24.7 [24.0-25.4],24.6 [24.0-25.3],24.6 [24.0-25.1],24.5 [24.0-25.0],24.4 [24.0-25.0],24.4 [23.9-24.9],24.3 [23.8-24.8],24.2 [23.7-24.7],24.1 [23.6-24.6],24.0 [23.5-24.6],23.9 [23.4-24.5],23.8 [23.2-24.4],23.7 [23.1-24.3],23.6 [22.9-24.2],23.5 [22.8-24.1]
Saudi Arabia,28.5 [27.9-29.0],28.4 [27.9-28.9],28.3 [27.9-28.8],28.3 [27.9-28.6],28.2 [27.8-28.5],28.1 [27.8-28.4],28.1 [27.8-28.4],28.0 [27.7-28.3],27.9 [27.7-28.2],27.9 [27.6-28.1],27.8 [27.5-28.1],27.8 [27.5-28.0],27.7 [27.5-28.0],27.7 [27.4-27.9],27.6 [27.4-27.9],27.6 [27.3-27.9],27.6 [27.3-27.8]
Senegal,23.0 [22.2-23.7],22.9 [22.2-23.6],22.9 [22.3-23.5],22.9 [22.3-23.4],22.8 [22.3-23.3],22.8 [22.3-23.3],22.7 [22.3-23.2],22.7 [22.2-23.2],22.7 [22.2-23.1],22.6 [22.1-23.1],22.5 [22.1-23.0],22.5 [22.0-22.9],22.4 [21.9-22.9],22.3 [21.8-22.8],22.3 [21.7-22.8],22.2 [21.6-22.7],22.1 [21.6-22.6]
Serbia,26.1 [25.5-26.6],26.0 [25.6-26.5],26.0 [25.5-26.4],25.9 [25.5-26.3],25.9 [25.5-26.3],25.8 [25.5-26.2],25.8 [25.4-26.1],25.7 [25.4-26.1],25.7 [25.3-26.0],25.6 [25.3-25.9],25.6 [25.2-25.9],25.5 [25.2-25.8],25.5 [25.1-25.8],25.4 [25.1-25.7],25.4 [25.0-25.7],25.3 [25.0-25.7],25.3 [24.9-25.6]
Seychelles,26.7 [26.1-27.4],26.6 [26.1-27.2],26.6 [26.0-27.1],26.5 [26.0-27.0],26.4 [25.9-26.9],26.3 [25.9-26.8],26.2 [25.8-26.7],26.2 [25.7-26.6],26.1 [25.7-26.5],26.0 [25.6-26.4],25.9 [25.5-26.4],25.8 [25.5-26.3],25.8 [25.4-26.2],25.7 [25.3-26.1],25.6 [25.2-26.0],25.5 [25.1-25.9],25.4 [25.0-25.8]
Sierra Leone,22.7 [22.1-23.3],22.7 [22.1-23.2],22.7 [22.2-23.2],22.6 [22.2-23.1],22.6 [22.2-23.1],22.6 [22.2-23.0],22.6 [22.2-23.0],22.6 [22.1-23.0],22.5 [22.1-23.0],22.5 [22.0-23.0],22.4 [21.9-22.9],22.4 [21.8-22.9],22.3 [21.7-22.9],22.2 [21.6-22.9],22.2 [21.5-22.8],22.1 [21.4-22.8],22.0 [21.3-22.8]
Singapore,23.6 [23.1-24.2],23.6 [23.1-24.1],23.6 [23.1-24.1],23.6 [23.2-24.0],23.6 [23.2-23.9],23.6 [23.2-23.9],23.5 [23.2-23.9],23.5 [23.2-23.8],23.5 [23.2-23.8],23.5 [23.2-23.8],23.5 [23.2-23.8],23.5 [23.2-23.7],23.5 [23.2-23.7],23.5 [23.2-23.7],23.5 [23.2-23.7],23.5 [23.2-23.7],23.4 [23.2-23.7]
Slovakia,26.4 [25.8-27.1],26.4 [25.8-27.0],26.3 [25.8-26.9],26.2 [25.7-26.7],26.2 [25.7-26.6],26.1 [25.7-26.5],26.0 [25.6-26.4],26.0 [25.6-26.4],25.9 [25.6-26.3],25.8 [25.5-26.2],25.8 [25.5-26.1],25.7 [25.4-26.1],25.7 [25.3-26.0],25.6 [25.3-25.9],25.6 [25.2-25.9],25.5 [25.2-25.9],25.5 [25.2-25.8]
Slovenia,26.6 [25.1-28.0],26.5 [25.0-27.9],26.4 [25.0-27.8],26.3 [24.9-27.7],26.2 [24.9-27.6],26.2 [24.8-27.5],26.1 [24.7-27.4],26.0 [24.7-27.3],25.9 [24.6-27.2],25.9 [24.5-27.2],25.8 [24.5-27.1],25.7 [24.4-27.0],25.6 [24.3-27.0],25.6 [24.3-26.9],25.5 [24.2-26.8],25.4 [24.1-26.8],25.4 [24.1-26.7]
Solomon Islands,26.3 [25.8-26.9],26.2 [25.7-26.7],26.1 [25.6-26.6],26.0 [25.6-26.5],25.9 [25.5-26.4],25.9 [25.4-26.3],25.8 [25.3-26.3],25.7 [25.2-26.2],25.6 [25.0-26.1],25.5 [24.9-26.1],25.4 [24.8-26.1],25.3 [24.7-26.0],25.3 [24.6-26.0],25.2 [24.5-25.9],25.1 [24.3-25.9],25.0 [24.2-25.8],24.9 [24.1-25.8]
Somalia,23.2 [21.1-25.2],23.1 [21.1-25.1],23.1 [21.1-25.0],23.0 [21.0-24.9],22.9 [21.0-24.8],22.9 [21.0-24.7],22.8 [20.9-24.6],22.7 [20.9-24.6],22.7 [20.8-24.5],22.6 [20.8-24.4],22.5 [20.7-24.3],22.5 [20.7-24.2],22.4 [20.6-24.2],22.3 [20.5-24.1],22.2 [20.5-24.0],22.2 [20.4-23.9],22.1 [20.3-23.8]
South Africa,27.3 [26.8-27.7],27.2 [26.8-27.6],27.2 [26.8-27.5],27.1 [26.8-27.4],27.1 [26.8-27.3],27.0 [26.7-27.2],26.9 [26.7-27.2],26.9 [26.7-27.1],26.8 [26.6-27.0],26.7 [26.5-26.9],26.6 [26.4-26.9],26.6 [26.3-26.8],26.5 [26.2-26.7],26.4 [26.1-26.6],26.3 [26.0-26.6],26.2 [25.9-26.5],26.1 [25.8-26.4]
South Sudan,No data,No data,No data,No data,No data,No data,No data,No data,No data,No data,No data,No data,No data,No data,No data,No data,No data
Spain,25.9 [25.4-26.4],26.0 [25.5-26.4],26.0 [25.6-26.4],26.0 [25.7-26.4],26.1 [25.8-26.4],26.1 [25.8-26.4],26.2 [25.9-26.4],26.2 [25.9-26.4],26.2 [26.0-26.5],26.2 [26.0-26.5],26.2 [26.0-26.4],26.2 [26.0-26.4],26.2 [26.0-26.4],26.2 [26.0-26.4],26.2 [25.9-26.4],26.1 [25.9-26.3],26.1 [25.9-26.3]
Sri Lanka,23.1 [22.6-23.7],23.0 [22.5-23.5],22.9 [22.4-23.4],22.8 [22.4-23.2],22.7 [22.3-23.1],22.6 [22.2-22.9],22.5 [22.1-22.8],22.4 [22.0-22.7],22.3 [21.9-22.6],22.2 [21.8-22.5],22.1 [21.7-22.4],22.0 [21.6-22.3],21.9 [21.5-22.3],21.8 [21.4-22.2],21.7 [21.3-22.1],21.6 [21.1-22.1],21.5 [21.0-22.0]
Sudan,No data,No data,No data,No data,No data,No data,No data,No data,No data,No data,No data,No data,No data,No data,No data,No data,No data
Sudan (former),24.7 [23.4-26.0],24.7 [23.4-26.0],23.9 [22.7-25.1],23.9 [22.8-25.1],24.1 [23.1-25.3],24.0 [23.0-25.1],24.2 [23.1-25.3],23.7 [22.8-24.8],24.0 [23.0-25.1],24.0 [23.0-25.0],23.5 [22.5-24.5],23.7 [22.7-24.6],24.0 [22.9-25.0],23.5 [22.5-24.4],23.2 [22.2-24.2],23.7 [22.6-24.7],23.9 [22.7-25.1]
Suriname,26.5 [25.4-27.6],26.5 [25.4-27.5],26.4 [25.4-27.4],26.3 [25.3-27.3],26.3 [25.3-27.3],26.2 [25.2-27.2],26.1 [25.1-27.1],26.1 [25.1-27.1],26.0 [25.0-27.0],25.9 [24.9-26.9],25.9 [24.8-26.9],25.8 [24.7-26.8],25.7 [24.6-26.8],25.6 [24.5-26.7],25.6 [24.4-26.7],25.5 [24.4-26.6],25.4 [24.2-26.6]
Sweden,26.0 [25.3-26.8],26.0 [25.3-26.7],26.0 [25.4-26.6],25.9 [25.4-26.5],25.9 [25.4-26.4],25.8 [25.4-26.3],25.8 [25.4-26.2],25.7 [25.3-26.1],25.7 [25.3-26.0],25.6 [25.3-26.0],25.6 [25.2-25.9],25.5 [25.2-25.8],25.4 [25.1-25.7],25.4 [25.1-25.6],25.3 [25.0-25.6],25.2 [24.9-25.5],25.1 [24.9-25.4]
Switzerland,25.2 [24.4-26.0],25.2 [24.4-25.9],25.1 [24.5-25.8],25.1 [24.5-25.8],25.1 [24.5-25.7],25.1 [24.5-25.7],25.1 [24.5-25.7],25.1 [24.5-25.6],25.0 [24.5-25.6],25.0 [24.5-25.5],25.0 [24.5-25.5],25.0 [24.4-25.5],24.9 [24.4-25.4],24.9 [24.4-25.4],24.9 [24.4-25.4],24.8 [24.3-25.3],24.8 [24.3-25.3]
Syrian Arab Republic,28.3 [27.1-29.4],28.2 [27.1-29.3],28.1 [27.1-29.1],28.0 [27.1-29.0],27.9 [27.0-28.8],27.8 [27.0-28.7],27.7 [27.0-28.5],27.6 [26.9-28.4],27.5 [26.9-28.3],27.5 [26.8-28.1],27.4 [26.7-28.0],27.3 [26.7-27.9],27.2 [26.6-27.8],27.1 [26.6-27.7],27.0 [26.5-27.6],27.0 [26.4-27.5],26.9 [26.3-27.5]
Tajikistan,26.1 [25.6-26.6],25.9 [25.4-26.4],25.8 [25.3-26.3],25.6 [25.1-26.2],25.5 [25.0-26.0],25.4 [24.8-25.9],25.2 [24.7-25.8],25.1 [24.5-25.7],25.0 [24.3-25.6],24.8 [24.2-25.5],24.7 [24.0-25.4],24.6 [23.9-25.3],24.5 [23.7-25.2],24.4 [23.6-25.1],24.3 [23.5-25.1],24.2 [23.3-25.0],24.1 [23.2-24.9]
Thailand,24.4 [23.7-25.2],24.3 [23.7-25.0],24.2 [23.6-24.8],24.1 [23.6-24.7],24.0 [23.5-24.5],23.9 [23.5-24.4],23.8 [23.4-24.2],23.7 [23.3-24.1],23.6 [23.2-24.0],23.5 [23.2-23.8],23.4 [23.1-23.7],23.3 [23.0-23.6],23.2 [23.0-23.5],23.1 [22.9-23.4],23.0 [22.8-23.3],23.0 [22.7-23.2],22.9 [22.6-23.1]
Timor-Leste,21.3 [20.8-21.9],21.2 [20.7-21.7],21.1 [20.6-21.6],21.0 [20.6-21.4],20.9 [20.4-21.3],20.8 [20.3-21.2],20.7 [20.2-21.2],20.6 [20.1-21.1],20.5 [20.0-21.0],20.4 [19.9-21.0],20.3 [19.7-20.9],20.3 [19.6-20.9],20.2 [19.5-20.8],20.1 [19.4-20.8],20.0 [19.3-20.8],20.0 [19.2-20.7],19.9 [19.1-20.7]
Togo,23.6 [22.9-24.3],23.5 [22.8-24.1],23.4 [22.8-24.0],23.3 [22.8-23.9],23.2 [22.7-23.8],23.2 [22.7-23.7],23.1 [22.6-23.6],23.0 [22.5-23.5],22.9 [22.4-23.4],22.8 [22.3-23.3],22.7 [22.2-23.2],22.6 [22.0-23.1],22.5 [21.9-23.0],22.4 [21.8-22.9],22.2 [21.6-22.8],22.1 [21.5-22.7],22.0 [21.3-22.7]
Tonga,32.2 [31.4-32.9],32.1 [31.4-32.8],32.1 [31.4-32.7],32.0 [31.4-32.6],31.9 [31.4-32.5],31.9 [31.4-32.4],31.8 [31.4-32.3],31.8 [31.3-32.3],31.7 [31.3-32.2],31.7 [31.2-32.1],31.6 [31.1-32.1],31.6 [31.1-32.0],31.5 [31.0-32.0],31.4 [30.9-32.0],31.4 [30.8-31.9],31.3 [30.7-31.9],31.2 [30.6-31.9]
Trinidad and Tobago,27.6 [26.2-28.9],27.5 [26.2-28.8],27.4 [26.2-28.6],27.3 [26.1-28.4],27.2 [26.1-28.2],27.1 [26.1-28.1],27.0 [26.0-27.9],26.9 [26.0-27.8],26.8 [25.9-27.6],26.7 [25.8-27.5],26.6 [25.8-27.3],26.5 [25.7-27.2],26.4 [25.6-27.0],26.2 [25.5-26.9],26.1 [25.5-26.8],26.0 [25.3-26.7],25.9 [25.2-26.5]
Tunisia,26.3 [25.4-27.2],26.3 [25.4-27.1],26.2 [25.4-26.9],26.1 [25.4-26.8],26.0 [25.4-26.7],25.9 [25.4-26.5],25.9 [25.3-26.4],25.8 [25.3-26.3],25.7 [25.3-26.2],25.7 [25.2-26.1],25.6 [25.2-26.0],25.5 [25.1-25.9],25.4 [25.1-25.8],25.4 [25.0-25.7],25.3 [24.9-25.6],25.2 [24.8-25.6],25.1 [24.8-25.5]
Turkey,27.9 [27.5-28.3],27.8 [27.5-28.2],27.7 [27.4-28.0],27.7 [27.4-27.9],27.6 [27.3-27.8],27.5 [27.3-27.7],27.5 [27.2-27.7],27.4 [27.2-27.6],27.3 [27.1-27.5],27.2 [27.1-27.4],27.2 [27.0-27.3],27.1 [26.9-27.3],27.0 [26.9-27.2],26.9 [26.8-27.1],26.9 [26.7-27.0],26.8 [26.6-26.9],26.7 [26.5-26.9]
Turkmenistan,26.6 [25.9-27.2],26.4 [25.8-27.1],26.3 [25.7-26.9],26.2 [25.6-26.7],26.1 [25.5-26.6],25.9 [25.4-26.5],25.8 [25.3-26.4],25.7 [25.1-26.2],25.6 [25.0-26.1],25.4 [24.9-26.0],25.3 [24.7-25.9],25.2 [24.6-25.9],25.1 [24.5-25.8],25.0 [24.4-25.7],24.9 [24.2-25.6],24.8 [24.1-25.5],24.7 [24.0-25.4]
Tuvalu,30.8 [28.9-32.6],30.7 [28.9-32.5],30.6 [28.9-32.4],30.6 [28.9-32.3],30.5 [28.9-32.2],30.4 [28.8-32.1],30.4 [28.8-32.0],30.3 [28.8-31.9],30.3 [28.8-31.8],30.2 [28.7-31.7],30.1 [28.7-31.6],30.1 [28.6-31.5],30.0 [28.6-31.5],30.0 [28.6-31.4],29.9 [28.5-31.3],29.8 [28.5-31.2],29.8 [28.4-31.2]
Uganda,22.5 [22.0-23.0],22.4 [21.9-22.8],22.3 [21.9-22.7],22.2 [21.8-22.6],22.1 [21.8-22.5],22.0 [21.7-22.4],22.0 [21.6-22.3],21.9 [21.5-22.2],21.8 [21.4-22.1],21.7 [21.4-22.1],21.6 [21.3-22.0],21.6 [21.2-21.9],21.5 [21.1-21.9],21.4 [21.0-21.8],21.3 [20.9-21.8],21.2 [20.8-21.7],21.2 [20.6-21.7]
Ukraine,26.6 [25.0-28.2],26.5 [25.0-28.1],26.5 [25.0-28.0],26.4 [25.0-27.9],26.4 [25.0-27.9],26.3 [25.0-27.8],26.3 [25.0-27.7],26.2 [24.9-27.6],26.2 [24.9-27.5],26.1 [24.9-27.5],26.1 [24.8-27.4],26.0 [24.7-27.3],25.9 [24.7-27.2],25.9 [24.6-27.2],25.8 [24.5-27.1],25.7 [24.5-27.0],25.7 [24.4-27.0]
United Arab Emirates,28.4 [27.2-29.7],28.4 [27.2-29.5],28.3 [27.2-29.4],28.2 [27.2-29.2],28.1 [27.2-29.1],28.1 [27.2-29.0],28.0 [27.1-28.8],27.9 [27.1-28.7],27.8 [27.0-28.6],27.7 [27.0-28.4],27.6 [27.0-28.3],27.5 [26.9-28.2],27.5 [26.9-28.1],27.4 [26.8-27.9],27.3 [26.8-27.9],27.2 [26.7-27.8],27.2 [26.7-27.7]
United Kingdom of Great Britain and Northern Ireland,27.1 [26.8-27.5],27.1 [26.9-27.4],27.1 [26.9-27.3],27.1 [26.9-27.3],27.0 [26.9-27.2],27.0 [26.9-27.2],27.0 [26.8-27.1],26.9 [26.8-27.1],26.9 [26.8-27.0],26.8 [26.7-27.0],26.8 [26.6-26.9],26.7 [26.6-26.8],26.6 [26.5-26.8],26.5 [26.4-26.7],26.5 [26.3-26.6],26.4 [26.2-26.5],26.3 [26.1-26.4]
United Republic of Tanzania,23.2 [22.7-23.7],23.1 [22.7-23.6],23.1 [22.6-23.5],23.0 [22.6-23.4],22.9 [22.6-23.3],22.9 [22.5-23.2],22.8 [22.4-23.1],22.7 [22.4-23.1],22.7 [22.3-23.0],22.6 [22.2-22.9],22.5 [22.2-22.9],22.5 [22.1-22.8],22.4 [22.0-22.8],22.3 [21.9-22.7],22.2 [21.8-22.6],22.2 [21.7-22.6],22.1 [21.6-22.5]
United States of America,28.9 [28.5-29.3],28.8 [28.4-29.2],28.8 [28.4-29.1],28.7 [28.4-29.0],28.6 [28.4-28.9],28.6 [28.4-28.8],28.5 [28.3-28.7],28.4 [28.3-28.6],28.4 [28.2-28.6],28.3 [28.1-28.5],28.2 [28.0-28.4],28.1 [27.9-28.3],28.0 [27.8-28.2],27.9 [27.7-28.1],27.8 [27.6-28.0],27.7 [27.5-27.8],27.5 [27.3-27.7]
Uruguay,27.4 [26.5-28.2],27.3 [26.5-28.0],27.1 [26.4-27.9],27.0 [26.3-27.7],26.9 [26.3-27.6],26.8 [26.2-27.4],26.7 [26.1-27.3],26.6 [26.1-27.2],26.5 [26.0-27.1],26.4 [25.9-27.0],26.3 [25.8-26.9],26.3 [25.7-26.8],26.2 [25.6-26.7],26.1 [25.5-26.7],26.0 [25.4-26.6],25.9 [25.3-26.6],25.9 [25.2-26.5]
Uzbekistan,26.9 [26.3-27.5],26.7 [26.2-27.3],26.6 [26.0-27.1],26.4 [25.9-27.0],26.3 [25.8-26.8],26.2 [25.7-26.6],26.0 [25.5-26.5],25.9 [25.4-26.3],25.7 [25.3-26.2],25.6 [25.2-26.1],25.5 [25.0-25.9],25.3 [24.9-25.8],25.2 [24.8-25.7],25.1 [24.6-25.6],25.0 [24.5-25.5],24.9 [24.4-25.4],24.8 [24.3-25.3]
Vanuatu,26.2 [25.4-26.9],26.1 [25.4-26.8],26.1 [25.5-26.7],26.0 [25.5-26.6],26.0 [25.5-26.5],26.0 [25.5-26.5],25.9 [25.5-26.4],25.9 [25.4-26.3],25.8 [25.4-26.3],25.8 [25.4-26.2],25.8 [25.3-26.2],25.7 [25.3-26.1],25.7 [25.2-26.1],25.6 [25.2-26.0],25.5 [25.1-26.0],25.5 [25.0-25.9],25.4 [25.0-25.9]
Venezuela (Bolivarian Republic of),26.7 [26.2-27.2],26.7 [26.2-27.2],26.6 [26.2-27.1],26.6 [26.2-27.1],26.6 [26.2-27.1],26.6 [26.1-27.0],26.6 [26.1-27.0],26.6 [26.1-27.0],26.5 [26.1-27.0],26.5 [26.1-27.0],26.5 [26.0-26.9],26.5 [26.0-26.9],26.4 [25.9-26.9],26.4 [25.9-26.9],26.3 [25.8-26.9],26.3 [25.7-26.8],26.2 [25.6-26.8]
Viet Nam,21.9 [21.5-22.3],21.7 [21.4-22.1],21.6 [21.3-21.9],21.5 [21.2-21.7],21.3 [21.1-21.6],21.2 [20.9-21.4],21.0 [20.8-21.3],20.9 [20.7-21.1],20.8 [20.6-21.0],20.7 [20.5-20.9],20.6 [20.3-20.8],20.4 [20.2-20.7],20.3 [20.1-20.5],20.2 [20.0-20.4],20.1 [19.9-20.4],20.0 [19.8-20.3],19.9 [19.7-20.2]
Yemen,23.8 [23.1-24.5],23.7 [23.1-24.3],23.6 [23.1-24.2],23.5 [23.1-24.0],23.4 [23.0-23.9],23.4 [23.0-23.8],23.3 [22.9-23.6],23.2 [22.8-23.5],23.1 [22.8-23.4],23.0 [22.7-23.3],22.9 [22.6-23.2],22.8 [22.5-23.1],22.7 [22.4-23.1],22.6 [22.3-23.0],22.5 [22.1-22.9],22.4 [22.0-22.9],22.3 [21.9-22.8]
Zambia,22.6 [21.7-23.4],22.5 [21.6-23.3],22.4 [21.6-23.2],22.4 [21.6-23.1],22.3 [21.6-23.0],22.2 [21.6-22.9],22.2 [21.5-22.8],22.1 [21.5-22.7],22.0 [21.4-22.6],22.0 [21.4-22.6],21.9 [21.3-22.5],21.8 [21.2-22.4],21.8 [21.2-22.4],21.7 [21.1-22.3],21.6 [21.1-22.2],21.6 [21.0-22.2],21.5 [20.9-22.2]
Zimbabwe,23.8 [23.3-24.3],23.8 [23.4-24.2],23.8 [23.4-24.2],23.7 [23.4-24.1],23.7 [23.4-24.0],23.7 [23.3-24.0],23.6 [23.3-24.0],23.6 [23.3-23.9],23.6 [23.3-23.9],23.5 [23.2-23.9],23.5 [23.2-23.8],23.5 [23.1-23.8],23.4 [23.1-23.8],23.4 [23.0-23.7],23.3 [23.0-23.7],23.3 [22.9-23.7],23.3 [22.9-23.7]
