Country,2019,2018,2017,2016,2015,2014,2013,2012,2011,2010,2009,2008,2007,2006,2005,2004,2003,2002,2001,2000
Afghanistan,44.9 [28.1-64.4],44.5 [29.8-61.8],44.2 [31.0-58.8],43.9 [32.2-56.8],43.7 [33.3-55.1],43.6 [34.0-53.9],43.5 [34.4-53.4],43.5 [34.4-53.7],43.5 [34.3-53.9],43.7 [34.3-54.8],43.9 [34.1-55.3],44.2 [34.2-55.5],44.5 [34.6-55.9],44.9 [35.0-56.5],45.5 [35.3-57.2],46.2 [36.1-58.1],47.1 [36.6-59.4],48.3 [37.0-61.0],49.8 [37.6-63.3],51.5 [38.1-66.1]
Albania,30.9 [20.5-41.0],29.6 [20.4-38.3],28.4 [20.1-36.6],26.9 [19.0-34.7],25.5 [17.9-33.1],24.4 [17.0-31.9],23.6 [16.3-31.3],23.1 [16.0-31.1],22.9 [15.8-31.1],23.0 [15.9-31.4],23.8 [16.3-32.9],24.8 [16.8-34.3],25.9 [17.3-36.2],27.1 [17.8-38.1],28.3 [18.3-40.3],29.6 [18.8-42.2],30.9 [19.2-43.7],32.1 [19.7-45.2],33.4 [20.2-47.2],34.9 [20.8-49.5]
Algeria,34.3 [15.3-56.2],34.1 [16.2-55.3],34.0 [17.1-54.2],34.0 [17.7-53.1],33.9 [18.2-52.6],33.9 [18.2-52.8],33.9 [18.1-52.9],34.1 [18.5-53.3],34.3 [18.6-54.6],34.7 [18.8-55.3],35.2 [19.1-55.7],35.8 [19.5-56.2],36.3 [19.9-56.9],36.9 [20.1-57.5],37.4 [20.8-57.9],37.9 [21.0-58.2],38.3 [21.6-58.6],38.8 [21.7-58.9],39.3 [21.9-59.6],39.9 [21.9-60.6]
Andorra,14.1 [5.5-33.1],13.7 [5.5-32.1],13.4 [5.6-30.3],13.2 [5.6-29.4],12.9 [5.6-28.4],12.8 [5.7-27.7],12.6 [5.7-27.1],12.5 [5.8-26.8],12.5 [5.8-26.6],12.4 [5.8-26.3],12.4 [5.8-26.3],12.4 [5.8-26.3],12.5 [5.9-26.5],12.5 [5.9-26.6],12.5 [5.9-26.8],12.6 [5.9-26.7],12.6 [5.9-27.1],12.7 [6.0-27.2],12.9 [6.0-27.6],13.1 [6.1-28.8]
Angola,62.4 [50.0-72.7],62.3 [51.5-71.5],62.1 [52.2-70.1],61.9 [53.0-69.1],61.4 [53.4-68.3],61.1 [53.3-68.0],60.7 [53.0-67.9],60.5 [52.5-68.0],60.6 [52.5-68.4],61.0 [52.6-69.0],61.7 [53.3-69.9],62.6 [54.3-70.9],63.7 [55.2-71.8],64.9 [56.0-73.0],66.2 [57.2-73.9],67.5 [58.3-75.1],68.9 [59.4-76.3],70.3 [60.7-77.8],71.5 [61.5-78.9],72.8 [62.2-80.2]
Antigua and Barbuda,17.2 [6.5-36.3],17.3 [6.8-35.6],17.4 [7.1-35.2],17.6 [7.5-35.2],17.9 [7.8-35.5],18.2 [8.2-35.5],18.6 [8.6-35.6],19.1 [9.1-36.1],19.6 [9.5-36.4],20.2 [9.8-37.0],21.0 [10.2-37.7],21.8 [10.7-38.2],22.6 [11.1-39.1],23.5 [11.7-40.1],24.3 [12.2-40.5],25.1 [12.7-41.0],25.9 [13.4-41.2],26.4 [13.3-41.4],27.0 [13.3-41.6],27.4 [13.3-42.1]
Argentina,19.0 [7.5-38.4],18.6 [7.8-37.2],18.5 [8.0-36.4],18.3 [8.2-35.2],18.3 [8.5-34.4],18.3 [8.6-33.5],18.4 [8.8-32.9],18.5 [8.9-32.6],18.7 [9.0-32.7],18.8 [9.2-33.5],19.1 [9.3-34.1],19.2 [9.6-34.2],19.4 [9.8-34.0],19.6 [10.0-34.1],19.9 [10.1-35.1],20.1 [10.2-35.6],20.4 [10.2-36.0],20.7 [10.2-37.0],21.1 [10.1-38.0],21.7 [10.1-39.0]
Armenia,19.6 [10.9-31.2],19.3 [11.6-29.7],19.1 [12.4-28.1],19.1 [12.9-27.5],19.3 [13.2-27.2],19.8 [13.3-27.7],20.3 [13.4-29.1],21.0 [13.7-30.3],21.6 [14.0-31.9],22.5 [14.2-33.5],23.6 [14.6-35.2],24.6 [15.1-36.6],25.5 [15.7-37.5],26.3 [16.5-38.2],26.9 [17.3-38.3],27.6 [18.3-38.6],27.9 [18.9-38.6],28.3 [19.6-38.9],28.5 [20.0-38.9],28.9 [20.3-39.7]
Australia,13.3 [5.6-31.6],12.8 [5.6-30.3],12.4 [5.6-29.2],12.1 [5.6-27.9],11.8 [5.7-27.4],11.6 [5.7-26.4],11.5 [5.7-26.0],11.5 [5.7-25.7],11.6 [5.8-25.0],11.6 [5.8-24.6],11.6 [5.8-24.8],11.6 [5.8-25.4],11.7 [5.9-25.5],11.6 [5.9-25.5],11.6 [5.9-25.6],11.6 [5.9-25.8],11.6 [5.9-25.8],11.6 [5.9-26.1],11.7 [5.9-26.9],11.8 [5.9-27.8]
Austria,14.6 [5.6-33.4],14.2 [5.7-32.2],13.8 [5.7-30.9],13.5 [5.7-30.2],13.2 [5.7-29.0],12.9 [5.7-28.1],12.7 [5.8-27.6],12.6 [5.8-27.4],12.5 [5.8-27.1],12.4 [5.8-26.8],12.4 [5.8-26.7],12.3 [5.8-26.7],12.2 [5.8-26.9],12.2 [5.8-26.9],12.1 [5.8-27.0],12.1 [5.8-27.4],12.1 [5.8-27.2],12.0 [5.8-27.3],12.1 [5.8-27.8],12.1 [5.8-28.5]
Azerbaijan,24.8 [11.6-40.9],24.9 [12.8-39.2],25.2 [14.3-37.8],25.7 [15.7-37.1],26.3 [17.3-36.5],27.1 [18.7-36.3],28.0 [20.0-36.7],29.1 [21.4-37.8],30.4 [22.5-38.9],31.8 [23.8-40.4],33.2 [25.0-41.8],34.6 [26.1-43.4],36.1 [27.5-44.7],37.4 [28.7-46.2],38.5 [29.8-47.6],39.5 [30.6-48.7],40.3 [30.9-49.7],41.2 [31.5-51.2],42.2 [31.7-53.0],43.4 [32.1-55.3]
Bahamas,17.9 [7.6-36.0],17.7 [7.7-34.9],17.5 [8.1-33.8],17.6 [8.3-33.4],17.6 [8.4-33.6],17.7 [8.5-34.3],17.8 [8.7-34.6],18.0 [8.7-34.7],18.4 [8.8-35.1],18.9 [9.0-35.5],19.2 [9.2-36.2],19.6 [9.3-37.1],19.8 [9.2-37.4],19.9 [9.3-37.3],19.9 [9.3-36.5],19.8 [9.3-36.3],19.6 [9.2-36.7],19.4 [9.0-36.5],19.3 [8.9-36.7],19.4 [8.8-37.3]
Bahrain,23.4 [8.7-39.8],23.1 [9.1-39.0],22.9 [9.3-38.1],22.7 [9.5-37.5],22.5 [9.7-37.3],22.4 [10.1-37.2],22.3 [10.4-36.9],22.3 [10.5-37.1],22.4 [10.6-37.2],22.6 [11.0-37.5],23.0 [11.1-37.9],23.3 [11.2-38.4],23.7 [11.3-39.5],24.1 [11.6-40.4],24.4 [11.7-40.8],24.7 [11.5-41.3],24.9 [11.7-41.8],25.1 [11.9-41.9],25.6 [11.8-42.9],26.2 [11.9-44.3]
Bangladesh,43.1 [24.4-61.1],43.1 [26.3-59.1],43.3 [28.6-57.5],43.5 [30.3-56.0],43.8 [31.3-55.4],44.0 [32.5-54.6],44.4 [33.6-54.3],44.9 [34.2-54.3],45.4 [35.0-54.9],46.1 [35.4-55.9],46.8 [35.9-57.4],47.7 [36.2-58.9],48.6 [36.7-60.4],49.6 [37.0-62.0],50.6 [37.6-63.2],51.7 [38.0-64.5],52.7 [38.7-65.7],53.9 [39.3-67.1],55.2 [39.9-69.0],56.6 [40.5-70.7]
Barbados,20.0 [8.3-38.5],20.1 [8.7-37.5],20.3 [9.2-37.4],20.6 [9.6-37.2],20.8 [9.8-37.2],21.1 [10.2-37.1],21.3 [10.4-37.2],21.5 [10.8-37.9],21.8 [11.0-38.7],21.9 [10.9-39.1],22.1 [11.0-39.6],22.2 [11.0-39.5],22.4 [11.0-40.0],22.5 [10.9-39.5],22.5 [11.0-39.1],22.5 [10.8-38.8],22.4 [10.7-39.2],22.1 [10.4-38.9],21.8 [10.1-38.5],21.4 [9.7-38.5]
Belarus,17.8 [6.5-35.7],17.5 [6.6-35.0],17.3 [6.9-34.4],17.1 [7.1-33.4],16.9 [7.4-33.1],16.8 [7.6-32.7],16.8 [7.7-32.5],16.9 [7.8-32.4],17.1 [7.9-32.7],17.5 [8.1-33.2],18.1 [8.4-34.7],18.9 [8.8-35.5],19.8 [9.3-37.0],20.7 [9.6-38.2],21.4 [9.9-39.0],22.2 [10.2-39.8],22.8 [10.6-40.7],23.4 [10.9-41.7],24.0 [11.1-42.1],24.8 [11.1-43.6]
Belgium,17.4 [5.8-35.5],17.1 [5.9-34.9],16.8 [6.0-33.9],16.4 [6.0-33.1],15.9 [6.1-32.3],15.6 [6.1-31.6],15.3 [6.1-31.1],15.2 [6.1-30.7],14.9 [6.1-30.2],14.6 [6.1-30.2],14.5 [6.1-30.1],14.3 [6.1-30.3],14.2 [6.1-30.1],14.0 [6.0-30.0],13.8 [6.0-29.9],13.6 [6.0-29.6],13.6 [6.1-29.6],13.6 [6.0-30.0],13.6 [6.0-30.4],13.8 [6.0-30.8]
Belize,20.2 [8.8-34.3],20.4 [9.7-33.1],20.7 [10.7-32.2],21.0 [11.7-31.5],21.3 [12.7-30.9],21.7 [13.7-30.7],22.0 [14.4-30.5],22.3 [15.0-30.6],22.7 [15.5-31.0],23.1 [15.7-31.8],23.6 [15.8-32.6],24.0 [15.7-33.3],24.3 [15.5-34.3],24.5 [15.3-35.0],24.6 [15.0-35.6],24.8 [14.8-36.4],25.1 [14.5-37.1],25.4 [14.3-37.8],25.7 [14.1-38.3],26.1 [13.9-39.2]
Benin,71.0 [62.8-76.7],71.4 [64.3-76.3],71.7 [65.6-76.3],71.9 [66.0-76.5],72.0 [66.0-76.7],72.1 [65.6-76.9],72.2 [65.6-77.1],72.3 [65.6-77.4],72.7 [65.8-77.8],73.2 [66.6-78.2],73.9 [67.4-78.8],74.7 [68.4-79.3],75.6 [69.7-79.9],76.4 [70.8-80.4],77.3 [71.9-81.0],78.0 [72.8-81.6],78.8 [73.7-82.2],79.4 [74.5-82.8],79.9 [75.2-83.3],80.3 [75.4-84.0]
Bhutan,44.7 [28.4-63.0],45.2 [30.6-61.5],45.7 [32.7-60.8],46.4 [34.6-60.4],47.2 [35.8-60.4],48.1 [37.0-61.7],49.2 [37.7-63.0],50.5 [38.5-64.7],51.9 [38.9-66.1],53.4 [39.4-68.2],55.0 [39.9-69.7],56.6 [41.2-71.3],58.3 [42.5-72.5],59.9 [43.8-73.8],61.4 [45.3-74.8],62.8 [46.7-75.9],64.2 [48.4-76.8],65.4 [49.5-77.9],66.5 [50.9-78.9],67.5 [51.5-80.1]
Bolivia (Plurinational State of),36.9 [20.5-55.1],38.3 [23.6-54.5],40.1 [26.6-54.8],42.0 [29.6-55.3],44.3 [32.6-56.5],46.2 [35.2-57.6],47.7 [36.9-58.5],49.5 [38.8-59.9],51.1 [40.4-61.3],52.5 [42.1-62.3],53.8 [43.5-63.2],54.8 [44.7-63.9],55.6 [45.5-64.6],56.2 [46.3-65.2],56.4 [47.2-65.4],56.6 [47.6-65.2],56.7 [48.0-65.2],56.8 [48.1-65.4],56.9 [48.1-65.6],57.0 [48.1-65.9]
Bosnia and Herzegovina,24.3 [8.5-42.6],23.9 [8.7-40.8],23.6 [9.1-39.6],23.4 [9.4-39.3],23.2 [9.6-38.9],23.1 [10.0-38.5],23.1 [10.4-38.5],23.2 [10.6-38.8],23.4 [10.9-39.2],23.6 [11.1-39.6],23.9 [11.1-40.6],24.2 [11.1-41.1],24.5 [10.9-41.8],24.7 [10.9-42.7],24.8 [10.9-42.9],24.8 [10.9-42.9],24.8 [10.9-42.8],24.8 [11.0-43.2],25.0 [10.9-43.5],25.3 [11.1-44.1]
Botswana,43.3 [21.7-67.2],43.2 [22.7-66.2],43.1 [23.5-65.3],42.5 [23.8-63.9],41.3 [23.1-62.6],40.0 [22.4-61.1],39.1 [21.4-60.2],38.7 [21.1-59.8],38.3 [20.7-59.1],37.5 [20.1-58.1],37.5 [20.2-58.2],37.6 [20.2-58.4],37.7 [20.3-58.8],38.4 [20.7-59.3],40.0 [21.5-61.0],41.5 [22.6-62.8],42.3 [23.1-63.8],42.9 [23.5-64.9],43.6 [23.7-66.0],44.2 [23.6-67.0]
Brazil,11.6 [8.1-18.0],11.9 [8.5-17.9],12.5 [8.8-18.5],13.0 [9.1-19.4],13.7 [9.4-20.3],14.3 [9.6-21.2],15.1 [10.0-22.2],15.9 [10.5-23.5],16.7 [11.1-24.8],17.7 [11.6-26.3],18.7 [12.3-27.4],19.7 [13.0-28.4],20.6 [13.6-29.7],21.4 [14.1-30.6],22.2 [14.3-31.6],23.0 [14.6-32.8],23.7 [14.9-34.1],24.3 [15.1-35.7],25.0 [15.2-37.3],25.9 [15.3-39.5]
Brunei Darussalam,20.0 [7.0-39.3],19.3 [7.0-37.9],18.8 [7.1-36.7],18.2 [7.0-35.7],17.8 [7.0-34.8],17.4 [7.0-34.2],17.2 [7.0-33.5],17.1 [7.1-32.8],17.0 [7.1-33.0],16.9 [7.0-32.7],16.9 [7.0-33.0],17.0 [7.1-33.4],17.0 [7.1-33.5],16.9 [7.1-33.1],16.7 [7.0-33.2],16.6 [7.0-33.2],16.7 [7.0-33.5],16.6 [7.0-33.8],16.7 [7.0-34.3],17.0 [7.0-35.4]
Bulgaria,24.1 [8.9-42.5],23.9 [9.5-41.4],23.7 [9.9-40.9],23.6 [10.5-40.4],23.7 [10.9-40.5],23.8 [11.1-40.4],24.1 [11.4-41.2],24.4 [11.4-42.2],24.8 [11.7-42.9],25.2 [11.9-44.4],25.6 [12.2-44.9],25.9 [12.2-45.9],26.3 [12.4-46.4],26.8 [12.6-47.4],27.3 [12.9-48.2],27.8 [12.9-48.4],28.1 [12.9-49.2],28.3 [13.0-49.6],28.4 [12.9-50.4],28.8 [13.0-51.5]
Burkina Faso,76.6 [68.4-84.6],78.4 [72.1-85.0],80.1 [74.9-85.5],81.6 [77.2-86.0],82.9 [78.9-86.4],84.0 [80.2-86.8],84.9 [81.3-87.3],85.6 [82.3-87.8],86.2 [83.0-88.2],86.6 [83.7-88.5],87.1 [84.3-88.9],87.4 [84.7-89.1],87.7 [85.2-89.3],88.0 [85.6-89.5],88.1 [85.8-89.7],88.3 [86.1-89.8],88.4 [86.1-89.8],88.4 [86.0-89.9],88.3 [85.8-90.0],88.2 [85.3-90.2]
Burundi,58.0 [46.3-68.9],56.9 [46.8-66.4],55.9 [47.2-64.1],54.7 [47.0-62.1],53.7 [46.6-60.5],52.9 [46.0-59.9],52.3 [45.4-59.4],52.0 [44.8-59.5],52.0 [44.7-59.9],52.4 [44.6-60.6],53.1 [44.8-61.7],54.2 [45.5-63.1],55.5 [46.4-64.4],57.0 [47.7-65.9],58.6 [49.1-67.6],60.3 [50.7-69.1],62.0 [52.1-70.6],63.8 [53.7-72.4],65.8 [55.4-74.3],67.7 [56.6-76.2]
Cabo Verde,44.1 [32.9-56.2],44.9 [35.0-55.3],45.8 [36.6-55.4],46.7 [37.9-55.7],47.6 [39.0-56.2],48.3 [39.8-57.0],49.0 [40.1-57.9],49.6 [40.5-58.3],50.1 [41.0-58.9],50.5 [41.5-59.3],50.9 [41.7-59.6],51.2 [41.9-59.9],51.4 [42.1-60.3],51.7 [42.1-60.7],52.0 [42.2-61.1],52.5 [42.3-61.8],53.4 [43.0-62.9],54.6 [43.9-64.2],56.3 [45.5-65.8],58.4 [47.7-67.7]
Cambodia,49.0 [35.4-63.5],49.6 [37.7-62.3],50.3 [39.7-61.2],50.9 [41.5-60.3],51.6 [43.4-60.0],52.2 [44.4-59.8],52.8 [45.0-60.0],53.5 [45.7-60.5],54.3 [46.8-61.2],55.3 [47.6-62.2],56.2 [48.6-63.3],57.2 [49.4-64.4],58.3 [50.2-65.5],59.3 [51.2-66.0],60.3 [52.3-66.8],61.3 [53.5-67.9],62.4 [54.8-68.8],63.6 [56.2-69.9],64.8 [57.4-71.1],65.9 [58.3-72.4]
Cameroon,59.2 [49.1-69.5],60.0 [51.1-69.1],60.8 [52.4-68.9],61.5 [53.6-68.9],62.1 [54.3-69.0],62.6 [54.7-69.2],62.9 [55.3-69.4],63.3 [55.4-69.9],63.6 [55.7-70.1],64.0 [56.1-70.5],64.6 [56.6-71.1],65.1 [57.1-71.6],65.8 [58.0-72.2],66.5 [58.8-72.7],67.2 [59.5-73.3],67.9 [60.5-73.9],68.6 [61.2-74.7],69.3 [61.6-75.6],70.0 [61.8-76.4],70.7 [62.1-77.6]
Canada,13.2 [5.6-30.0],12.7 [5.7-28.2],12.2 [5.7-26.7],11.8 [5.7-25.0],11.5 [5.7-23.8],11.2 [5.7-22.8],10.9 [5.7-22.2],10.7 [5.7-21.8],10.5 [5.7-21.5],10.4 [5.7-21.4],10.4 [5.6-21.3],10.3 [5.7-21.4],10.3 [5.7-21.4],10.3 [5.7-21.7],10.3 [5.6-21.6],10.3 [5.7-21.6],10.4 [5.6-22.0],10.4 [5.7-22.4],10.5 [5.7-23.4],10.7 [5.7-24.6]
Central African Republic,73.6 [59.2-83.4],74.4 [61.5-83.3],75.2 [63.1-83.2],75.8 [64.6-83.5],76.3 [65.6-83.8],76.7 [65.9-84.1],76.9 [66.5-84.3],77.1 [66.5-84.6],77.3 [66.3-84.9],77.7 [66.2-85.2],78.0 [66.4-85.5],78.4 [66.9-85.8],78.8 [67.1-86.0],79.3 [67.9-86.2],79.8 [69.0-86.4],80.2 [69.8-86.6],80.6 [70.6-86.8],81.1 [71.9-86.9],81.5 [72.9-87.0],82.0 [73.7-87.3]
Chad,66.3 [59.8-72.9],68.0 [62.2-73.8],69.5 [63.5-75.2],70.9 [63.7-76.7],71.9 [63.7-78.2],72.7 [63.6-79.4],73.4 [63.4-80.5],73.9 [63.1-81.2],74.4 [63.2-81.9],74.9 [63.2-82.5],75.4 [63.5-83.1],75.9 [63.7-83.6],76.4 [64.2-84.0],76.9 [64.9-84.4],77.3 [65.4-84.7],77.8 [66.2-85.0],78.2 [67.0-85.2],78.6 [67.9-85.3],78.9 [69.0-85.5],79.1 [69.6-85.7]
Chile,20.1 [7.2-38.6],19.7 [7.4-37.5],19.5 [7.5-37.0],19.4 [7.7-36.5],19.3 [7.9-36.2],19.3 [8.1-36.3],19.3 [8.2-36.0],19.3 [8.3-35.9],19.3 [8.3-35.9],19.3 [8.4-36.2],19.4 [8.4-36.4],19.5 [8.4-36.6],19.5 [8.4-36.8],19.5 [8.3-36.7],19.5 [8.2-36.9],19.7 [8.2-37.7],19.8 [8.3-38.1],20.1 [8.3-38.8],20.4 [8.3-39.2],20.9 [8.3-40.1]
China,18.8 [7.4-35.6],18.5 [7.6-34.4],18.4 [7.9-33.6],18.3 [8.2-33.1],18.2 [8.4-32.5],18.1 [8.7-31.9],18.2 [8.8-31.5],18.3 [9.2-31.5],18.6 [9.3-31.3],19.0 [9.6-31.6],19.5 [9.9-32.3],20.1 [10.3-32.8],20.8 [10.9-33.5],21.7 [11.6-34.7],22.6 [12.3-35.4],23.6 [13.0-36.7],24.6 [13.7-38.0],25.8 [14.5-39.4],27.0 [15.2-41.4],28.5 [16.0-43.0]
Colombia,22.2 [11.4-35.6],22.3 [12.2-33.8],22.5 [13.3-32.8],22.9 [14.3-32.1],23.3 [15.3-31.6],23.8 [16.1-31.6],24.3 [16.9-32.0],24.9 [17.6-32.6],25.6 [18.4-33.3],26.3 [19.1-34.4],26.9 [19.5-35.5],27.5 [19.8-36.5],28.0 [20.1-37.6],28.5 [20.1-38.3],28.9 [20.1-39.3],29.3 [19.7-40.1],29.5 [19.4-40.8],29.8 [19.2-41.4],30.0 [18.8-42.2],30.2 [18.3-43.1]
Comoros,53.9 [33.5-73.3],53.9 [34.9-72.5],53.9 [36.1-71.8],53.9 [37.1-71.4],53.8 [36.8-71.4],53.8 [37.0-71.3],53.9 [36.6-71.3],54.1 [36.6-71.4],54.4 [36.4-71.7],55.0 [36.7-72.2],55.5 [36.9-72.9],56.2 [37.1-73.5],56.8 [37.4-74.0],57.5 [38.1-74.7],58.2 [38.7-75.5],58.8 [39.6-75.9],59.4 [40.0-76.2],59.9 [41.1-76.6],60.5 [41.5-76.9],61.3 [42.5-77.6]
Congo,60.8 [45.8-73.4],61.6 [48.0-72.6],62.3 [50.4-72.1],63.0 [52.7-71.6],63.5 [54.6-71.2],63.9 [55.8-70.9],64.2 [56.5-70.8],64.4 [56.8-70.8],64.6 [56.9-70.9],64.9 [57.0-71.1],65.3 [57.6-71.5],65.9 [58.2-72.0],66.8 [59.2-72.8],67.7 [60.4-73.5],68.7 [61.4-74.3],69.7 [62.3-75.2],70.7 [62.9-76.2],71.4 [63.5-77.2],72.0 [63.4-78.2],72.5 [63.1-79.3]
Cook Islands,27.0 [9.6-45.7],27.0 [10.3-44.5],27.2 [10.8-44.0],27.3 [11.5-43.7],27.5 [12.1-43.2],27.7 [12.5-43.4],28.0 [13.0-43.7],28.3 [13.3-44.0],28.6 [13.5-44.3],28.8 [13.9-45.0],29.2 [14.1-45.5],29.6 [14.4-46.8],29.9 [14.9-47.9],30.1 [14.8-48.3],30.1 [14.6-48.9],30.2 [14.7-49.0],30.1 [14.3-49.4],30.1 [14.0-49.5],30.1 [13.7-50.5],30.2 [13.4-50.2]
Costa Rica,19.0 [7.2-35.3],18.8 [7.4-33.9],18.7 [7.6-32.7],18.6 [7.7-31.9],18.6 [7.9-31.7],18.6 [8.1-31.1],18.6 [8.1-30.8],18.7 [8.3-30.8],18.8 [8.5-30.7],18.9 [8.5-30.8],19.1 [8.6-30.9],19.3 [8.8-31.4],19.4 [8.8-31.6],19.5 [8.9-31.7],19.6 [9.0-32.1],19.7 [9.2-32.3],19.7 [9.3-32.2],19.8 [9.3-32.3],19.9 [9.4-32.4],20.1 [9.6-32.7]
CÃ´te d'Ivoire,72.2 [59.3-80.8],73.0 [61.7-80.4],73.6 [63.9-80.0],74.0 [65.8-79.7],74.2 [67.1-79.3],74.3 [67.5-79.2],74.3 [67.6-78.8],74.3 [67.8-78.8],74.3 [67.9-78.8],74.4 [68.0-79.0],74.6 [68.5-79.3],75.0 [69.0-79.6],75.4 [69.0-80.1],76.0 [69.6-80.7],76.6 [69.8-81.5],77.2 [70.3-82.2],77.9 [70.9-82.9],78.6 [71.3-83.8],79.3 [71.5-84.6],80.0 [71.9-85.4]
Croatia,20.2 [7.4-37.6],19.8 [7.6-36.4],19.4 [7.8-35.4],19.2 [8.0-34.7],19.0 [8.2-34.4],18.8 [8.2-33.7],18.7 [8.3-33.7],18.7 [8.2-33.7],18.7 [8.3-33.9],18.7 [8.4-33.9],18.8 [8.3-34.4],19.0 [8.3-34.6],19.2 [8.4-35.4],19.4 [8.5-35.9],19.5 [8.6-36.3],19.7 [8.5-36.4],19.8 [8.6-36.8],20.0 [8.5-37.2],20.2 [8.5-37.9],20.5 [8.6-38.9]
Cuba,18.1 [7.4-33.2],18.5 [8.0-32.2],18.9 [8.8-31.6],19.4 [9.5-31.0],19.9 [10.4-30.7],20.5 [11.4-30.2],21.0 [12.2-29.8],21.5 [13.0-29.9],21.9 [13.6-30.0],22.5 [14.3-30.2],23.3 [15.1-30.7],24.0 [15.6-31.4],24.6 [16.0-32.1],25.2 [16.4-32.6],25.7 [16.4-33.4],26.2 [16.3-34.2],26.4 [16.0-34.9],26.4 [15.4-35.4],26.3 [14.8-36.0],26.4 [14.1-36.7]
Cyprus,14.5 [5.4-33.0],14.2 [5.5-31.9],13.9 [5.5-30.7],13.7 [5.5-30.0],13.4 [5.6-29.2],13.2 [5.6-28.7],13.1 [5.7-28.6],12.9 [5.7-27.9],12.9 [5.7-27.4],12.8 [5.7-27.7],12.8 [5.7-27.4],12.8 [5.7-27.7],12.9 [5.8-27.9],12.9 [5.8-28.1],12.9 [5.9-28.7],13.0 [5.9-29.0],13.0 [5.9-29.3],13.1 [6.0-29.8],13.2 [6.0-30.7],13.4 [6.0-31.7]
Czechia,18.7 [6.5-36.3],18.2 [6.7-35.2],17.8 [6.9-34.2],17.5 [7.1-33.6],17.2 [7.2-33.0],16.9 [7.2-32.4],16.6 [7.2-31.7],16.4 [7.1-31.3],16.2 [7.2-31.3],16.1 [7.2-31.1],16.0 [7.2-31.2],16.0 [7.3-31.8],16.1 [7.3-31.9],16.2 [7.3-32.7],16.4 [7.4-32.8],16.6 [7.4-33.2],16.7 [7.3-33.7],16.9 [7.3-34.0],17.0 [7.4-34.9],17.4 [7.4-35.6]
Democratic People's Republic of Korea,31.6 [15.7-47.8],31.4 [16.9-45.3],31.2 [18.2-43.3],31.0 [19.2-42.0],30.9 [20.3-41.0],31.0 [21.1-40.4],31.1 [22.0-40.3],31.4 [22.6-41.1],31.9 [23.0-42.4],32.5 [23.1-43.6],32.9 [23.0-44.5],33.2 [22.6-45.4],33.4 [22.4-45.6],33.5 [21.8-46.3],33.8 [21.6-47.0],34.5 [22.0-48.2],35.9 [22.7-50.3],37.9 [23.5-52.8],40.4 [24.6-55.8],42.9 [26.2-59.3]
Democratic Republic of the Congo,64.9 [50.3-76.6],65.6 [53.0-75.9],66.3 [55.4-75.3],66.9 [57.3-74.8],67.3 [59.1-74.4],67.7 [59.9-74.3],68.0 [60.3-74.4],68.4 [60.7-74.6],68.8 [61.0-75.1],69.3 [61.5-75.5],69.9 [62.3-76.0],70.5 [63.0-76.6],71.3 [63.8-77.2],72.1 [64.2-77.7],72.8 [64.9-78.4],73.6 [65.7-79.3],74.4 [66.3-80.3],75.2 [67.0-81.1],75.9 [67.3-82.1],76.6 [67.3-83.0]
Denmark,14.5 [5.6-33.7],14.2 [5.7-32.6],14.1 [5.7-31.4],13.8 [5.7-30.3],13.5 [5.8-29.2],13.3 [5.8-28.4],13.1 [5.8-27.6],13.0 [5.8-27.5],12.8 [5.8-26.9],12.6 [5.7-26.2],12.5 [5.7-26.0],12.5 [5.7-25.9],12.6 [5.8-26.4],12.7 [5.8-26.6],12.7 [5.8-27.0],12.8 [5.9-27.3],13.0 [5.9-28.0],13.1 [5.9-28.4],13.0 [5.9-28.7],12.9 [5.9-29.5]
Djibouti,52.0 [31.0-72.4],52.0 [32.2-72.0],52.0 [33.1-71.6],52.0 [33.6-71.5],51.9 [34.0-71.4],51.9 [34.4-71.3],52.0 [34.7-71.4],52.1 [34.6-71.5],52.4 [34.4-71.7],52.8 [34.3-72.1],53.3 [34.7-72.9],54.0 [34.9-73.4],54.7 [35.4-74.0],55.4 [36.2-74.4],56.2 [37.1-74.8],57.2 [38.1-75.5],58.3 [39.5-76.1],59.4 [40.8-76.8],60.5 [41.8-77.8],61.5 [42.6-78.4]
Dominica,29.8 [12.6-53.2],29.5 [13.3-50.9],29.2 [13.7-49.2],29.1 [14.2-48.1],28.9 [14.6-47.5],28.7 [14.9-46.7],28.5 [15.1-46.0],28.4 [15.1-45.9],28.3 [15.0-46.1],28.2 [15.1-46.0],27.9 [14.8-45.3],27.6 [14.5-45.1],27.3 [14.2-44.4],27.0 [14.1-44.0],26.7 [13.8-43.2],26.5 [13.5-42.0],26.3 [13.3-41.3],26.4 [13.3-40.9],26.6 [13.6-40.0],26.8 [13.8-40.2]
Dominican Republic,27.8 [12.3-47.3],28.0 [13.4-45.4],28.2 [14.9-44.3],28.5 [15.9-43.0],28.9 [17.0-42.3],29.2 [17.9-41.7],29.3 [18.7-41.3],29.6 [19.5-41.1],29.8 [20.0-41.1],30.0 [20.4-41.2],30.2 [20.8-41.6],30.6 [20.6-42.4],31.1 [20.5-43.2],31.7 [20.7-44.1],32.3 [20.6-45.2],32.8 [20.5-45.9],33.2 [20.7-47.1],33.7 [20.5-48.2],34.1 [20.2-48.8],34.6 [20.2-50.3]
Ecuador,23.5 [10.4-39.7],23.6 [11.6-38.4],23.7 [12.6-37.0],23.8 [13.7-36.0],24.0 [14.9-34.9],24.3 [15.7-34.4],24.5 [16.6-34.1],25.0 [17.2-34.5],25.6 [17.5-35.5],26.3 [17.7-36.7],27.1 [17.8-38.1],27.8 [17.8-39.2],28.5 [18.1-40.4],29.2 [18.2-41.7],29.6 [18.1-42.3],30.1 [18.0-42.7],30.5 [17.9-43.7],30.9 [17.7-44.6],31.4 [17.9-45.4],31.9 [17.9-46.4]
Egypt,32.2 [18.5-44.9],32.5 [20.6-43.7],33.0 [22.7-43.0],33.5 [24.5-42.3],34.1 [26.2-42.1],34.9 [27.0-42.9],35.5 [27.5-43.8],36.2 [27.5-44.9],36.9 [27.8-46.3],37.7 [28.1-47.6],38.4 [28.3-48.6],39.1 [28.6-49.9],39.7 [28.8-50.2],40.0 [29.0-50.8],40.2 [29.5-50.6],40.1 [29.5-50.2],40.0 [29.8-49.8],39.8 [29.7-49.5],39.6 [29.7-49.8],39.6 [29.6-50.3]
El Salvador,24.6 [9.6-39.0],24.6 [10.5-38.4],24.6 [11.5-37.6],24.7 [12.5-36.9],24.8 [13.5-36.2],24.9 [14.3-35.3],24.9 [15.2-34.5],24.9 [15.8-34.1],24.9 [16.3-33.6],24.9 [17.0-32.8],24.7 [17.5-32.3],24.5 [17.5-32.0],24.3 [17.7-31.6],24.1 [17.8-31.1],23.7 [17.6-30.5],23.3 [17.4-30.1],22.9 [17.1-29.8],22.5 [16.7-29.7],22.2 [16.3-29.6],21.9 [15.9-29.7]
Equatorial Guinea,64.3 [48.2-76.1],65.0 [50.7-75.8],65.7 [52.9-75.5],66.3 [54.7-75.4],66.8 [56.1-75.2],67.2 [57.5-75.0],67.5 [58.4-74.9],67.9 [58.9-75.2],68.3 [59.4-75.5],68.9 [59.8-76.1],69.5 [60.2-76.8],70.3 [60.9-77.5],71.2 [61.7-78.5],72.2 [62.7-79.3],73.1 [63.5-80.2],74.1 [64.4-81.0],75.0 [65.5-82.0],75.9 [66.4-82.8],76.8 [67.4-83.6],77.7 [68.1-84.5]
Eritrea,48.8 [29.0-69.7],48.8 [30.0-68.6],48.7 [30.9-67.8],48.7 [31.3-67.4],48.6 [31.4-67.2],48.7 [31.2-67.3],48.8 [31.6-67.8],49.0 [31.9-68.1],49.4 [32.2-68.0],49.9 [32.3-68.8],50.6 [32.5-69.4],51.3 [33.0-69.9],52.1 [33.8-70.5],53.0 [34.1-71.4],53.8 [35.4-72.0],54.7 [36.1-72.5],55.7 [36.9-72.9],56.8 [37.7-73.9],58.1 [38.9-75.1],59.5 [39.9-76.4]
Estonia,18.0 [6.5-35.5],17.8 [6.7-34.8],17.7 [7.0-34.1],17.7 [7.3-33.6],17.7 [7.5-32.8],17.7 [7.6-32.5],17.7 [7.7-32.1],17.8 [7.9-31.8],18.0 [8.0-32.1],18.1 [8.0-32.8],18.4 [8.1-33.5],18.7 [8.2-34.0],19.3 [8.3-34.5],19.8 [8.6-35.8],20.3 [8.8-36.7],20.7 [9.0-37.7],21.3 [9.3-38.8],21.8 [9.6-39.5],22.4 [9.7-40.8],23.1 [9.8-42.0]
Eswatini,42.7 [22.0-63.8],43.4 [24.1-62.7],44.2 [26.2-62.1],42.6 [26.1-59.6],41.9 [26.6-57.6],42.8 [28.7-57.6],42.3 [28.8-56.3],42.3 [29.5-55.8],42.9 [30.7-56.3],44.1 [32.3-57.5],45.3 [33.5-58.7],45.6 [34.1-59.0],45.2 [33.4-58.6],45.4 [33.3-59.2],46.2 [33.3-60.3],46.0 [32.6-60.4],45.9 [31.7-60.6],45.7 [31.0-61.1],45.7 [30.4-61.6],45.8 [29.1-62.4]
Ethiopia,52.1 [37.3-66.2],51.6 [38.5-63.6],51.2 [39.6-61.6],50.9 [40.9-59.9],50.5 [41.5-58.7],50.3 [41.9-58.0],50.4 [42.4-58.1],50.6 [42.7-58.2],51.0 [42.7-58.9],51.6 [43.3-59.7],52.6 [44.0-61.0],53.8 [45.1-62.4],55.3 [46.5-63.9],56.9 [47.8-65.6],58.5 [49.5-67.4],60.4 [51.3-69.2],62.4 [52.9-70.8],64.4 [54.4-73.0],66.5 [55.6-75.1],68.5 [57.0-77.6]
Fiji,39.9 [17.7-62.3],39.9 [19.6-61.1],39.9 [20.7-60.1],39.9 [21.6-59.7],39.8 [22.6-59.0],39.8 [23.5-58.7],39.9 [24.2-58.4],40.1 [24.9-58.3],40.3 [24.9-58.2],40.4 [25.5-58.5],40.5 [25.4-58.6],40.5 [25.3-58.3],40.4 [25.0-58.3],40.0 [24.3-57.5],39.4 [23.5-56.8],38.7 [22.9-55.9],38.0 [22.1-55.0],37.3 [21.3-54.6],36.8 [20.7-54.3],36.3 [19.7-54.6]
Finland,11.8 [5.4-30.3],11.4 [5.4-28.6],11.1 [5.4-27.2],10.8 [5.4-25.7],10.5 [5.4-24.1],10.4 [5.4-23.5],10.2 [5.4-23.4],10.1 [5.4-23.4],10.0 [5.4-22.7],10.0 [5.4-22.8],10.0 [5.5-22.8],10.1 [5.5-23.1],10.1 [5.5-23.4],10.2 [5.5-23.7],10.2 [5.5-23.5],10.3 [5.5-23.5],10.3 [5.5-23.6],10.4 [5.6-24.0],10.5 [5.6-24.6],10.7 [5.6-25.3]
France,14.7 [5.8-33.7],14.2 [5.8-32.2],13.6 [5.8-30.8],13.1 [5.8-29.6],12.7 [5.8-28.2],12.3 [5.8-27.0],11.9 [5.8-26.1],11.7 [5.7-25.2],11.5 [5.7-24.8],11.4 [5.7-24.5],11.3 [5.7-24.7],11.2 [5.7-24.5],11.1 [5.7-24.0],11.0 [5.7-24.1],10.9 [5.7-24.3],10.9 [5.7-24.4],10.7 [5.7-24.4],10.7 [5.7-24.4],10.7 [5.7-25.2],10.9 [5.7-26.0]
Gabon,57.9 [42.9-71.7],58.6 [44.8-71.1],59.4 [46.8-70.5],60.1 [48.6-70.3],60.9 [50.3-70.3],61.5 [51.8-70.2],61.9 [52.4-70.2],62.3 [52.7-70.5],62.8 [52.6-71.0],63.2 [52.4-71.6],63.7 [52.7-72.4],64.2 [52.6-73.2],64.8 [52.8-73.9],65.4 [53.4-74.6],65.9 [53.9-75.2],66.4 [54.2-75.8],67.0 [54.2-76.4],67.4 [55.1-77.0],67.9 [54.8-77.5],68.3 [54.4-78.1]
Gambia,52.3 [45.8-62.3],55.3 [48.5-64.0],58.3 [50.7-66.2],61.2 [52.2-68.9],63.8 [53.6-71.5],65.9 [54.8-73.8],67.6 [56.0-75.8],69.0 [57.0-77.2],70.1 [57.8-78.5],71.0 [58.4-79.7],71.8 [58.8-80.5],72.5 [59.2-81.1],73.1 [60.0-81.7],73.6 [60.7-82.0],74.1 [61.3-82.4],74.4 [62.2-82.6],74.7 [62.9-82.7],74.9 [63.5-82.8],75.0 [63.9-82.7],75.0 [64.3-82.8]
Georgia,24.6 [9.9-41.2],24.2 [10.4-39.7],23.9 [10.5-38.7],23.7 [11.0-37.9],23.6 [11.6-37.2],23.7 [12.2-37.0],23.9 [12.5-36.9],24.3 [13.1-37.6],24.9 [13.8-38.6],25.7 [14.4-39.5],26.6 [14.9-40.8],27.5 [15.4-42.0],28.5 [16.1-43.6],29.6 [16.9-45.0],30.7 [17.5-46.2],31.9 [18.3-47.6],33.2 [18.8-49.2],34.4 [19.4-50.7],35.7 [19.8-52.5],36.9 [20.3-54.2]
Germany,15.1 [5.8-33.1],14.5 [5.8-31.5],14.0 [5.8-30.2],13.5 [5.8-28.5],13.1 [5.9-27.2],12.7 [5.9-26.0],12.4 [5.9-25.1],12.1 [5.9-24.6],12.0 [5.9-24.0],11.9 [5.9-24.1],11.8 [5.9-23.8],11.8 [5.9-23.8],11.7 [5.9-23.8],11.7 [5.9-23.6],11.7 [6.0-23.4],11.7 [5.9-23.6],11.7 [5.9-24.1],11.6 [6.0-24.5],11.6 [5.9-24.7],11.7 [5.9-25.0]
Ghana,59.5 [51.1-67.0],61.0 [53.7-67.4],62.6 [56.3-68.2],64.1 [58.4-69.0],65.4 [60.0-70.1],66.5 [61.1-71.1],67.5 [61.9-72.2],68.4 [62.6-73.3],69.4 [63.4-74.4],70.5 [64.2-75.7],71.7 [65.2-76.8],72.6 [66.2-77.8],73.5 [67.2-78.5],74.2 [67.9-79.1],74.8 [68.7-79.3],75.3 [69.1-79.7],75.7 [69.7-80.1],76.0 [69.8-80.5],76.2 [69.7-81.0],76.4 [69.8-81.5]
Greece,16.7 [5.9-34.7],16.5 [5.9-34.1],16.2 [6.0-33.2],15.8 [6.0-32.5],15.4 [6.0-31.4],15.0 [6.0-30.9],14.5 [5.9-30.0],14.1 [5.9-29.4],13.8 [5.9-28.4],13.6 [5.8-28.2],13.4 [5.8-27.8],13.3 [5.8-27.7],13.3 [5.8-27.9],13.3 [5.8-27.9],13.3 [5.9-28.2],13.3 [5.9-28.7],13.3 [5.9-29.2],13.5 [6.0-29.8],13.7 [6.0-30.1],14.0 [6.1-31.2]
Grenada,23.6 [9.6-43.0],23.6 [10.2-42.5],23.6 [10.7-41.6],23.6 [11.2-40.7],23.7 [11.5-40.7],23.7 [11.8-40.5],23.8 [11.9-40.5],23.8 [12.1-40.8],23.9 [12.1-40.9],24.1 [12.1-41.4],24.0 [11.8-41.7],24.0 [11.9-42.0],24.1 [11.9-42.3],24.1 [11.8-41.7],24.1 [11.5-41.4],24.1 [11.4-41.5],24.0 [11.2-40.9],24.2 [11.2-41.1],24.3 [11.1-41.5],24.5 [10.9-42.3]
Guatemala,9.8 [7.5-13.3],10.2 [7.8-13.6],10.8 [8.4-14.4],11.8 [9.0-15.8],13.1 [9.6-17.9],14.7 [10.4-20.5],16.7 [11.4-23.7],19.1 [12.7-27.1],21.5 [14.1-30.5],24.0 [15.6-33.8],26.4 [17.0-37.1],28.4 [18.2-39.8],30.1 [19.6-41.8],31.4 [20.6-42.9],32.2 [21.4-43.2],32.8 [22.3-43.4],33.0 [22.7-43.1],32.9 [22.7-42.6],32.8 [22.4-42.7],32.7 [22.0-43.3]
Guinea,73.8 [65.9-79.5],74.4 [67.8-79.5],75.1 [69.4-79.6],75.6 [70.5-79.7],75.9 [71.1-79.8],76.1 [71.6-79.7],76.1 [71.6-79.9],76.1 [71.5-80.1],76.1 [71.1-80.2],76.2 [71.0-80.4],76.3 [71.0-80.6],76.5 [71.2-80.9],76.8 [71.5-81.2],77.2 [72.2-81.4],77.7 [73.0-81.8],78.3 [73.8-82.1],78.9 [74.7-82.6],79.6 [75.3-82.9],80.2 [76.0-83.5],80.9 [76.1-84.3]
Guinea-Bissau,68.0 [50.1-79.9],68.9 [52.1-79.9],69.7 [53.7-80.1],70.4 [55.4-80.5],70.9 [56.0-80.9],71.3 [56.8-81.0],71.8 [57.5-81.4],72.2 [57.2-81.7],72.6 [57.1-82.2],73.2 [57.9-82.8],73.8 [58.6-83.4],74.5 [59.9-84.0],75.2 [61.2-84.6],75.9 [62.1-84.9],76.6 [63.2-85.5],77.3 [64.1-85.9],78.0 [65.3-86.2],78.6 [66.4-86.6],79.2 [67.1-86.9],79.7 [67.5-87.4]
Guyana,29.3 [13.6-47.3],29.8 [15.0-46.3],30.3 [16.6-44.6],31.0 [18.3-44.2],31.7 [19.9-43.6],32.5 [21.6-43.6],33.4 [23.1-43.8],34.1 [24.6-43.9],35.1 [25.7-44.5],36.0 [26.5-45.3],36.9 [27.1-46.7],37.6 [27.8-47.8],38.2 [28.0-48.7],38.6 [27.8-49.3],38.9 [28.0-50.0],39.1 [28.2-50.3],39.1 [28.1-50.6],39.2 [27.9-50.8],39.4 [27.7-51.5],39.7 [27.4-52.0]
Haiti,60.1 [47.1-70.6],60.7 [49.3-69.7],61.3 [51.3-69.1],61.7 [52.4-68.8],62.0 [53.4-68.6],62.2 [53.9-68.7],62.4 [54.3-68.7],62.5 [54.6-68.8],62.7 [54.8-68.9],62.9 [55.1-69.2],63.1 [55.2-69.4],63.2 [55.4-69.7],63.4 [55.5-69.7],63.5 [55.6-69.9],63.5 [55.8-69.9],63.6 [56.0-70.0],63.7 [56.1-70.0],63.8 [56.2-70.2],64.1 [56.1-70.5],64.4 [56.0-71.0]
Honduras,26.2 [13.3-39.4],26.9 [15.1-38.7],27.6 [16.9-38.5],28.4 [18.8-38.3],29.2 [20.4-38.0],30.0 [22.1-38.0],30.9 [23.5-38.3],31.7 [24.7-38.9],32.5 [25.5-39.6],33.3 [26.4-40.4],34.1 [26.9-41.2],34.7 [27.4-42.2],35.3 [28.0-42.6],35.6 [28.1-42.9],35.8 [28.3-43.2],35.9 [28.2-43.6],35.8 [27.9-44.0],35.7 [27.4-44.0],35.6 [26.8-44.2],35.5 [26.1-44.4]
Hungary,18.1 [6.6-35.9],17.9 [6.9-35.5],17.9 [7.1-35.0],18.1 [7.4-34.4],18.3 [7.7-33.6],18.4 [7.9-33.4],18.4 [8.2-33.3],18.4 [8.3-33.3],18.4 [8.3-33.9],18.3 [8.3-34.0],18.3 [8.2-34.3],18.4 [8.2-34.6],18.6 [8.2-35.1],18.7 [8.3-35.5],18.7 [8.4-36.2],18.9 [8.4-36.4],19.1 [8.6-37.2],19.4 [8.7-37.4],19.9 [8.8-38.4],20.6 [8.9-39.8]
Iceland,11.0 [5.3-28.2],10.6 [5.3-26.7],10.4 [5.4-25.2],10.1 [5.4-24.0],10.0 [5.4-23.0],9.9 [5.4-21.8],9.8 [5.4-21.4],9.7 [5.4-21.0],9.6 [5.4-20.4],9.4 [5.4-20.0],9.4 [5.4-19.6],9.4 [5.5-19.3],9.4 [5.5-19.3],9.4 [5.5-19.4],9.4 [5.5-19.3],9.5 [5.5-19.5],9.6 [5.5-20.2],9.7 [5.6-20.8],9.9 [5.6-21.7],10.2 [5.6-22.9]
India,53.4 [39.8-65.4],53.9 [42.4-64.1],54.5 [44.6-63.3],55.0 [46.0-63.2],55.7 [46.8-63.8],56.4 [47.7-64.6],57.2 [47.9-65.4],58.0 [48.5-66.4],58.8 [49.0-67.4],59.7 [49.6-68.2],60.6 [50.5-69.1],61.5 [51.6-69.8],62.5 [52.9-70.3],63.4 [54.1-70.9],64.4 [55.6-71.4],65.3 [56.8-72.1],66.3 [58.1-72.8],67.3 [59.2-73.5],68.3 [60.5-74.4],69.5 [61.9-75.3]
Indonesia,38.4 [27.1-51.1],38.2 [28.4-49.1],38.0 [29.5-47.3],37.8 [29.8-46.2],37.5 [29.8-45.4],37.2 [29.7-44.7],37.0 [29.5-44.8],36.9 [29.4-45.2],36.9 [29.2-45.6],37.1 [29.1-46.2],37.5 [29.3-46.8],37.9 [29.5-47.9],38.5 [30.0-48.6],39.1 [30.3-49.5],39.8 [30.8-50.2],40.5 [31.3-50.7],41.2 [32.1-51.3],42.1 [33.0-52.1],43.0 [33.9-52.7],43.9 [34.7-53.9]
Iran (Islamic Republic of),26.5 [11.5-42.2],26.4 [12.6-40.5],26.5 [13.6-39.5],26.8 [14.6-38.9],27.2 [15.6-38.9],27.7 [16.5-39.2],28.3 [17.3-39.7],29.0 [18.1-40.5],29.8 [19.0-41.3],30.7 [19.8-42.3],31.6 [20.6-43.4],32.5 [21.4-44.5],33.5 [22.7-45.2],34.5 [23.8-46.0],35.5 [24.9-46.5],36.5 [26.3-46.9],37.5 [27.5-47.2],38.5 [28.7-48.0],39.6 [29.8-49.2],40.9 [30.9-50.9]
Iraq,29.4 [13.2-48.0],28.9 [14.0-45.1],28.6 [15.4-42.9],28.3 [16.3-41.9],28.1 [16.9-40.6],28.0 [17.8-39.9],28.2 [18.4-39.8],28.4 [18.9-40.0],29.0 [19.0-41.4],29.5 [19.2-42.9],30.3 [19.2-44.2],31.1 [19.4-45.3],32.0 [19.7-46.8],32.8 [20.0-48.0],33.5 [20.2-48.7],34.1 [20.1-49.6],34.7 [20.5-50.3],35.2 [20.7-51.4],36.0 [20.8-52.1],36.9 [21.4-53.6]
Ireland,14.1 [5.6-33.1],13.8 [5.6-32.1],13.5 [5.6-31.0],13.2 [5.7-30.0],13.0 [5.7-29.4],12.9 [5.7-28.4],12.7 [5.7-28.1],12.6 [5.7-27.8],12.5 [5.7-27.3],12.4 [5.7-27.2],12.2 [5.7-26.8],12.1 [5.7-26.8],12.0 [5.8-26.4],11.9 [5.8-26.5],11.9 [5.8-26.6],12.0 [5.9-26.6],12.1 [5.9-27.3],12.3 [5.9-27.4],12.5 [6.0-28.2],12.7 [6.0-29.4]
Israel,14.3 [5.7-32.6],13.9 [5.7-31.3],13.5 [5.7-30.1],13.3 [5.8-29.1],13.0 [5.8-28.3],12.8 [5.8-27.7],12.7 [5.8-27.1],12.6 [5.8-26.6],12.5 [5.8-26.6],12.5 [5.8-26.7],12.4 [5.8-26.5],12.4 [5.9-26.3],12.4 [5.9-26.6],12.4 [5.9-27.1],12.5 [6.0-27.1],12.6 [6.0-27.5],12.8 [6.0-28.0],13.2 [6.1-28.8],13.5 [6.1-29.7],14.0 [6.2-30.9]
Italy,14.9 [5.6-33.6],14.5 [5.6-32.6],14.2 [5.7-31.6],13.9 [5.7-30.8],13.6 [5.8-29.9],13.3 [5.8-28.9],13.0 [5.8-27.7],12.7 [5.8-27.2],12.5 [5.8-27.0],12.3 [5.8-26.2],12.2 [5.8-25.7],12.2 [5.8-25.9],12.1 [5.8-26.0],12.1 [5.8-26.3],12.0 [5.8-26.6],12.0 [5.8-26.3],12.0 [5.8-26.5],12.0 [5.8-26.8],12.1 [5.8-27.5],12.3 [5.9-28.7]
Jamaica,23.6 [9.4-42.6],23.7 [9.9-42.1],24.0 [10.7-41.8],24.3 [11.3-41.2],24.5 [11.9-41.0],24.9 [12.2-41.4],25.1 [12.4-41.7],25.5 [12.9-42.1],25.9 [13.2-43.1],26.3 [13.1-43.8],26.6 [13.3-43.8],26.9 [13.6-44.1],27.1 [13.6-44.9],27.2 [13.7-45.1],27.2 [13.7-45.4],27.3 [13.6-45.6],27.3 [13.5-45.5],27.3 [13.6-45.5],27.4 [13.4-46.3],27.7 [13.3-46.1]
Japan,16.7 [5.7-35.1],16.5 [5.7-34.3],16.2 [5.8-33.7],16.0 [5.8-33.2],15.8 [5.8-32.6],15.7 [5.8-32.3],15.5 [5.9-32.0],15.4 [5.9-31.6],15.4 [5.9-31.2],15.3 [5.9-31.2],15.2 [5.9-31.2],15.2 [5.9-31.1],15.1 [5.9-31.0],15.1 [5.9-31.0],15.0 [5.9-31.2],14.9 [5.9-31.3],14.9 [5.9-31.2],14.9 [5.9-31.4],14.9 [5.9-32.1],15.1 [5.9-32.5]
Jordan,32.7 [23.1-42.6],32.4 [23.9-41.2],32.1 [24.3-40.1],31.7 [24.5-39.5],31.3 [24.1-38.9],30.9 [23.8-38.4],30.6 [23.5-38.0],30.5 [23.4-38.0],30.5 [23.1-38.1],30.4 [22.9-38.2],30.6 [22.7-38.7],30.8 [22.7-39.3],30.9 [22.6-39.7],31.1 [22.5-40.2],31.1 [22.4-40.0],31.2 [22.5-40.3],31.3 [22.6-40.3],31.5 [22.5-40.8],32.0 [22.4-41.9],32.6 [22.0-43.8]
Kazakhstan,23.0 [10.3-39.0],22.2 [10.5-37.0],21.7 [10.7-36.1],21.6 [11.0-35.0],21.7 [11.4-34.8],22.2 [11.9-35.1],22.9 [12.6-36.4],23.8 [13.3-37.9],24.8 [13.9-39.7],26.0 [14.7-41.4],27.2 [15.4-43.3],28.6 [16.5-45.0],30.0 [17.7-46.7],31.5 [18.9-47.8],32.9 [20.4-48.5],34.3 [21.8-49.1],35.9 [24.0-50.2],37.6 [26.0-51.1],39.6 [28.3-52.4],41.9 [31.1-54.2]
Kenya,42.8 [28.0-58.7],42.0 [29.3-55.1],41.4 [30.4-52.7],40.6 [30.9-50.3],40.1 [31.3-48.7],39.7 [31.4-47.7],39.3 [31.1-47.6],39.3 [30.8-47.8],39.4 [30.6-48.5],39.9 [30.4-49.3],40.7 [30.6-50.4],42.0 [31.3-52.3],43.7 [32.6-54.2],45.3 [33.4-56.5],46.9 [34.7-58.6],48.8 [36.1-60.6],50.6 [38.0-62.5],52.5 [39.6-64.5],54.6 [41.5-66.8],56.7 [42.8-69.6]
Kiribati,49.4 [26.0-72.7],49.9 [27.6-71.9],50.4 [29.5-71.2],50.9 [31.5-70.9],51.5 [32.8-70.7],51.9 [33.7-70.8],52.3 [34.3-71.0],52.6 [34.1-71.4],52.9 [34.3-71.6],53.1 [34.5-71.5],53.2 [34.4-71.9],53.2 [34.2-72.0],53.0 [33.9-71.6],52.7 [33.8-71.4],52.4 [33.7-71.3],52.1 [33.6-71.3],51.9 [33.2-70.8],51.9 [33.1-70.8],52.0 [32.3-71.2],52.2 [32.3-71.7]
Kuwait,19.8 [7.5-37.6],19.4 [7.8-37.0],19.2 [8.1-36.6],18.8 [8.3-36.0],18.6 [8.5-35.7],18.4 [8.6-35.2],18.1 [8.6-34.5],17.7 [8.5-34.6],17.5 [8.4-34.9],17.4 [8.3-34.7],17.5 [8.3-34.7],17.3 [8.2-35.3],17.3 [8.1-35.4],17.5 [8.2-35.6],17.9 [8.5-36.6],18.3 [8.5-36.7],18.6 [8.6-36.7],18.9 [8.6-36.3],19.4 [8.7-37.0],20.0 [8.7-37.8]
Kyrgyzstan,33.4 [19.0-49.5],33.3 [20.5-47.3],33.4 [21.7-45.5],33.5 [23.0-44.4],33.6 [23.8-43.5],33.6 [24.2-43.0],33.7 [24.8-42.8],34.0 [25.3-42.9],34.2 [25.4-43.6],34.7 [25.8-44.6],35.3 [25.9-45.5],35.9 [26.4-47.0],36.6 [26.8-48.2],37.3 [27.1-49.1],37.8 [27.3-50.0],38.5 [27.9-50.4],39.3 [28.7-50.7],40.2 [29.6-51.5],41.4 [30.9-52.2],42.8 [32.5-53.0]
Lao People's Democratic Republic,41.4 [29.3-54.3],41.3 [31.0-52.3],41.3 [31.9-51.2],41.4 [32.7-50.5],41.5 [33.0-50.6],41.6 [32.9-51.0],41.8 [32.9-51.6],42.0 [32.8-52.2],42.4 [33.0-52.7],42.9 [33.5-53.5],43.4 [34.0-54.2],44.0 [34.4-54.8],44.7 [34.9-55.3],45.4 [35.6-56.0],46.2 [36.3-56.5],46.9 [36.6-57.6],47.7 [37.3-58.5],48.4 [37.6-59.3],49.3 [38.1-60.0],50.2 [38.3-61.3]
Latvia,19.4 [6.8-37.4],19.2 [7.0-36.7],19.2 [7.4-36.2],19.3 [7.7-36.1],19.5 [7.9-36.2],19.7 [8.3-36.2],20.0 [8.7-36.5],20.3 [9.0-36.9],20.6 [9.2-37.5],20.9 [9.4-38.2],21.3 [9.6-38.6],21.7 [9.8-39.9],22.3 [10.1-41.0],22.8 [10.3-41.5],23.5 [10.7-42.0],24.3 [10.9-43.3],25.0 [11.4-44.2],25.7 [11.4-45.5],26.5 [11.4-46.9],27.4 [11.9-48.5]
Lebanon,22.8 [8.7-37.5],22.5 [9.2-36.8],22.3 [9.6-36.0],22.0 [9.9-35.2],21.8 [9.9-34.7],21.6 [10.3-34.5],21.5 [10.2-34.3],21.3 [10.2-34.3],21.2 [10.3-34.5],21.2 [10.5-34.9],21.5 [10.6-35.2],21.7 [10.8-35.4],22.1 [11.0-35.7],22.5 [11.4-36.0],23.0 [11.8-36.7],23.6 [12.2-37.2],24.0 [12.7-37.7],24.6 [13.1-38.1],25.3 [13.5-38.3],26.1 [13.9-39.3]
Lesotho,51.4 [32.1-69.4],50.7 [33.7-67.1],50.5 [35.4-64.5],50.3 [37.1-62.4],50.3 [38.9-60.8],49.7 [39.3-59.2],49.3 [39.7-58.3],49.0 [40.1-57.8],48.7 [40.0-57.6],48.7 [39.9-57.6],49.2 [40.4-58.2],49.9 [41.0-59.2],49.8 [40.8-58.9],49.9 [40.9-59.1],49.5 [40.4-59.1],49.2 [39.8-59.1],49.0 [38.8-59.3],48.8 [37.6-59.8],48.7 [35.9-60.6],48.5 [34.4-61.8]
Liberia,72.3 [65.6-77.3],72.6 [66.6-77.2],72.7 [67.0-77.0],72.7 [67.3-76.8],72.5 [66.9-76.6],72.2 [66.5-76.4],71.9 [66.0-76.1],71.6 [65.6-75.9],71.4 [65.1-75.8],71.3 [65.0-76.0],71.4 [65.0-76.4],71.8 [65.1-76.9],72.5 [65.7-77.5],73.3 [66.6-78.4],74.4 [67.7-79.4],75.6 [69.1-80.3],76.9 [70.8-81.3],78.2 [72.5-82.3],79.6 [74.5-83.4],81.0 [76.2-84.5]
Libya,26.6 [10.2-45.7],26.4 [11.0-44.0],26.3 [11.4-43.8],26.2 [11.8-43.8],26.3 [12.2-43.6],26.4 [12.9-44.3],26.5 [13.0-44.4],26.8 [13.2-45.3],27.1 [13.5-45.9],27.5 [13.9-46.4],28.1 [14.3-47.7],28.8 [14.5-48.8],29.5 [14.8-50.0],30.4 [15.2-51.0],31.0 [15.4-52.0],31.6 [16.0-52.7],32.0 [16.4-53.3],32.3 [16.5-53.2],32.7 [16.8-53.7],33.2 [16.6-54.4]
Lithuania,17.8 [6.6-36.0],17.6 [6.9-35.5],17.6 [7.1-35.0],17.5 [7.3-34.6],17.5 [7.5-33.9],17.3 [7.6-33.1],17.1 [7.5-32.8],17.0 [7.7-32.8],17.1 [7.8-33.1],17.5 [7.9-33.4],18.0 [8.1-34.4],18.6 [8.4-35.7],19.3 [8.6-37.0],20.0 [8.9-37.8],20.7 [9.2-39.2],21.5 [9.5-40.4],22.1 [9.7-41.0],22.6 [9.9-41.8],23.2 [10.2-43.0],23.8 [10.4-43.7]
Luxembourg,11.7 [5.4-30.4],11.3 [5.4-28.7],11.0 [5.4-27.4],10.6 [5.4-26.5],10.3 [5.5-25.3],10.1 [5.4-24.7],9.9 [5.4-23.9],9.7 [5.4-22.9],9.6 [5.4-22.5],9.5 [5.4-21.9],9.4 [5.4-21.5],9.4 [5.5-21.4],9.3 [5.5-21.1],9.3 [5.5-20.7],9.3 [5.5-20.5],9.4 [5.5-20.5],9.4 [5.6-21.1],9.5 [5.6-21.2],9.7 [5.6-22.2],9.9 [5.6-23.4]
Madagascar,49.5 [35.9-62.9],49.5 [38.1-60.5],49.6 [40.2-59.0],49.7 [41.8-57.7],49.9 [43.0-56.9],50.2 [43.9-56.6],50.6 [44.6-56.8],51.0 [45.0-57.2],51.6 [45.4-57.8],52.3 [45.9-58.6],53.2 [46.7-59.4],54.1 [47.3-60.6],55.2 [48.1-61.8],56.2 [48.8-62.8],57.2 [49.7-63.9],58.4 [50.9-65.1],59.6 [52.3-66.4],61.0 [53.6-67.7],62.5 [55.1-69.1],64.4 [56.9-71.1]
Malawi,55.1 [42.8-66.2],55.6 [45.1-64.9],56.2 [47.3-63.8],56.8 [49.1-63.2],57.6 [50.9-63.3],58.6 [52.2-63.9],60.0 [54.1-65.3],61.7 [55.9-66.7],63.4 [57.6-68.3],64.8 [59.1-69.6],65.9 [60.1-70.8],67.0 [61.1-72.0],68.0 [62.0-72.9],68.9 [62.7-73.9],69.9 [63.8-74.8],71.2 [65.2-75.9],72.5 [66.5-77.1],74.0 [67.9-78.6],75.3 [69.2-80.0],76.4 [70.1-81.3]
Malaysia,24.6 [9.7-40.1],23.8 [9.9-38.7],23.1 [10.2-37.5],22.5 [10.2-36.5],21.8 [10.1-35.1],21.3 [10.1-34.2],20.8 [9.9-33.4],20.4 [9.7-32.9],20.2 [9.8-32.7],20.1 [9.8-32.4],19.9 [9.7-32.1],19.8 [9.8-32.2],19.7 [9.6-32.3],19.6 [9.7-32.0],19.5 [9.7-31.7],19.4 [9.7-31.6],19.4 [9.8-31.4],19.6 [9.9-31.9],19.8 [9.9-32.4],20.2 [10.2-32.8]
Maldives,37.8 [25.7-52.5],37.3 [26.4-49.8],36.8 [26.7-48.1],36.3 [26.4-47.3],35.6 [25.8-46.9],35.0 [25.3-46.3],34.4 [24.6-46.1],33.9 [23.8-46.3],33.6 [23.2-46.4],33.4 [22.8-46.8],33.4 [22.5-47.4],33.6 [22.2-48.0],34.1 [22.2-48.9],34.8 [22.3-50.4],35.8 [22.6-51.9],37.0 [23.2-53.8],38.5 [24.3-56.0],40.3 [25.3-58.2],42.5 [26.4-60.6],44.9 [27.5-63.2]
Mali,79.0 [72.7-83.0],79.8 [74.5-83.1],80.4 [76.1-83.4],81.0 [77.3-83.7],81.4 [78.2-83.9],81.7 [78.5-84.0],81.8 [78.6-84.2],81.8 [78.6-84.3],81.7 [78.4-84.4],81.8 [78.2-84.6],81.8 [78.1-84.8],81.9 [78.1-84.9],82.0 [78.2-85.1],82.3 [78.6-85.4],82.7 [78.9-85.7],83.1 [79.3-86.0],83.6 [80.0-86.3],84.0 [80.5-86.7],84.5 [80.8-87.1],85.0 [80.9-87.6]
Malta,17.4 [6.2-36.1],16.9 [6.3-35.0],16.4 [6.3-34.0],16.1 [6.4-33.2],15.8 [6.4-32.2],15.5 [6.4-31.3],15.3 [6.4-30.8],15.2 [6.4-30.0],15.0 [6.4-29.5],15.0 [6.3-29.7],14.9 [6.3-29.8],14.8 [6.3-29.8],14.7 [6.3-29.5],14.6 [6.3-29.2],14.6 [6.3-29.6],14.6 [6.4-29.6],14.7 [6.4-29.6],14.7 [6.4-29.9],14.9 [6.4-30.7],15.1 [6.4-31.7]
Marshall Islands,39.5 [19.3-60.5],39.9 [21.2-59.3],40.4 [22.5-59.0],40.8 [23.8-58.5],41.2 [24.6-58.4],41.7 [25.1-58.7],42.1 [25.6-59.2],42.5 [26.1-59.9],42.8 [26.0-60.5],42.9 [25.9-60.9],43.0 [26.0-61.4],43.1 [26.0-61.3],43.1 [26.1-61.4],42.9 [25.9-61.0],42.5 [25.8-60.7],42.0 [25.5-60.2],41.5 [25.2-59.0],40.9 [25.0-57.9],40.3 [24.5-57.2],39.7 [24.2-56.3]
Mauritania,65.5 [47.5-78.0],66.3 [49.4-78.2],67.1 [51.2-78.5],67.7 [52.5-78.7],68.2 [53.2-78.9],68.6 [53.3-79.2],68.9 [53.6-79.8],69.2 [53.7-80.2],69.5 [54.1-80.6],69.9 [54.5-81.1],70.3 [55.0-81.6],70.7 [55.0-82.1],71.2 [55.4-82.5],71.7 [55.9-82.9],72.2 [56.5-83.4],72.6 [56.8-83.7],73.0 [57.0-84.0],73.3 [57.1-84.2],73.6 [57.2-84.4],73.8 [57.4-84.7]
Mauritius,30.7 [13.2-53.1],29.6 [13.2-50.4],28.7 [13.4-49.1],27.9 [13.4-47.7],27.4 [13.5-46.6],27.1 [13.6-46.1],27.0 [13.4-45.3],26.7 [13.1-45.2],26.5 [12.9-44.9],26.5 [12.7-45.0],26.6 [12.7-45.6],27.0 [12.9-46.1],27.3 [13.1-46.6],27.6 [13.2-46.9],27.9 [13.1-47.3],28.1 [13.3-47.3],28.3 [13.4-47.7],28.8 [13.8-48.3],29.6 [14.1-49.4],30.7 [14.5-50.6]
Mexico,21.7 [11.0-35.6],21.7 [11.8-34.5],21.9 [12.7-33.6],22.2 [13.7-33.0],22.5 [14.6-32.6],22.9 [15.1-32.4],23.4 [15.6-32.4],23.9 [15.8-32.9],24.5 [16.4-33.6],25.1 [17.0-34.2],25.7 [17.8-35.0],26.3 [18.6-35.6],26.9 [19.3-35.8],27.5 [19.8-36.0],28.0 [20.5-36.1],28.4 [21.3-36.6],28.9 [21.8-36.8],29.4 [22.6-37.1],30.0 [22.9-37.8],30.7 [23.1-39.0]
Micronesia (Federated States of),36.7 [14.4-60.1],36.8 [15.4-58.9],37.0 [16.6-58.0],37.2 [17.3-57.1],37.3 [17.8-56.9],37.5 [18.2-56.4],37.7 [18.8-56.5],37.8 [19.1-56.5],38.0 [19.0-56.6],38.0 [19.2-56.9],38.2 [19.3-57.1],38.3 [19.6-57.3],38.3 [19.5-57.2],38.1 [19.3-57.0],37.8 [19.4-56.8],37.4 [19.2-56.1],37.0 [18.6-55.8],36.6 [18.3-55.8],36.2 [17.8-55.0],35.9 [17.2-55.5]
Monaco,14.3 [5.5-32.5],13.9 [5.6-31.4],13.6 [5.6-30.4],13.3 [5.6-29.7],13.0 [5.6-28.7],12.8 [5.6-28.2],12.6 [5.7-27.4],12.4 [5.7-27.3],12.2 [5.7-27.2],12.1 [5.7-26.9],12.0 [5.7-26.9],12.0 [5.7-27.0],11.9 [5.7-26.9],11.8 [5.7-26.8],11.8 [5.7-26.8],11.7 [5.7-26.8],11.7 [5.7-27.0],11.7 [5.7-27.2],11.7 [5.7-27.8],11.8 [5.7-28.6]
Mongolia,21.7 [10.3-36.8],21.2 [10.9-34.6],20.8 [11.5-33.4],20.7 [12.0-32.3],20.8 [12.4-31.9],21.0 [12.9-31.6],21.4 [13.3-31.7],21.7 [13.8-32.1],22.2 [14.5-32.6],22.9 [15.1-33.4],23.6 [15.8-34.2],24.3 [16.5-34.9],25.0 [17.1-36.2],25.9 [18.0-37.0],26.9 [18.8-37.8],27.7 [19.7-38.4],28.5 [20.1-39.1],29.4 [20.5-40.2],30.8 [21.0-42.6],32.6 [21.4-45.9]
Montenegro,14.7 [6.0-32.3],14.5 [6.1-31.4],14.4 [6.3-30.3],14.5 [6.6-29.9],14.7 [6.8-29.8],15.1 [7.1-29.8],15.5 [7.4-29.7],16.1 [7.8-30.2],16.7 [8.2-30.8],17.4 [8.5-31.7],18.3 [9.0-32.5],19.2 [9.4-33.4],20.1 [10.1-34.5],21.0 [10.7-35.2],21.8 [11.4-36.1],22.6 [12.1-36.4],23.4 [12.7-36.8],24.2 [13.3-37.0],25.0 [13.9-37.7],25.8 [14.3-38.1]
Morocco,30.4 [13.8-47.9],30.2 [14.5-46.6],30.1 [15.1-45.8],30.1 [15.7-45.0],30.1 [16.1-44.6],30.3 [16.6-44.7],30.6 [16.9-44.8],30.9 [17.3-45.5],31.3 [17.8-46.2],31.8 [18.1-47.2],32.3 [18.9-47.8],32.8 [19.3-48.5],33.3 [20.1-49.1],33.7 [20.8-49.5],34.0 [21.3-49.6],34.2 [22.0-49.2],34.5 [22.5-48.7],34.7 [23.1-49.0],35.3 [24.0-49.2],36.0 [24.6-50.1]
Mozambique,68.2 [54.4-77.8],67.7 [55.8-76.4],66.9 [56.9-74.9],66.1 [57.5-73.4],65.5 [58.0-72.5],65.1 [57.9-71.8],64.7 [57.6-71.2],64.6 [57.5-71.0],64.7 [57.3-71.0],65.1 [57.5-71.5],65.5 [57.9-72.1],66.4 [58.6-73.0],67.5 [59.6-74.0],68.7 [61.1-75.0],69.8 [62.4-75.9],71.0 [63.6-76.9],72.3 [65.3-77.8],73.7 [66.9-78.7],75.2 [68.5-80.1],76.7 [69.6-81.7]
Myanmar,49.6 [35.3-64.4],49.6 [36.5-62.4],49.6 [37.7-61.0],49.6 [38.4-60.5],49.5 [38.3-60.6],49.4 [37.7-61.1],49.3 [37.1-62.0],49.3 [36.4-62.8],49.6 [36.0-63.8],50.0 [35.5-64.8],50.5 [35.5-66.2],51.1 [35.8-66.9],51.9 [36.5-67.7],52.7 [37.0-68.4],53.5 [37.7-68.8],54.2 [38.4-69.3],55.0 [38.9-69.9],55.8 [39.5-70.3],56.6 [39.9-70.8],57.5 [40.5-71.7]
Namibia,46.1 [27.5-65.9],46.1 [29.2-64.6],46.3 [31.1-62.7],46.7 [33.3-61.1],47.0 [34.3-60.3],46.7 [34.4-59.3],47.0 [34.9-58.8],47.2 [35.0-59.1],46.2 [33.8-58.5],45.6 [32.4-58.8],45.8 [31.7-59.7],46.4 [31.7-60.8],47.2 [32.3-62.1],47.9 [32.8-63.0],48.5 [33.1-63.6],48.7 [32.8-64.0],48.2 [31.6-64.0],47.8 [30.7-64.0],47.7 [30.1-64.4],47.7 [29.1-64.9]
Nauru,41.8 [20.5-63.7],42.3 [22.6-62.6],43.0 [24.6-61.3],43.7 [26.6-61.0],44.3 [28.3-60.6],45.0 [29.6-60.3],45.7 [31.0-60.3],46.4 [31.9-60.6],47.0 [32.8-60.8],47.3 [33.4-60.8],47.6 [34.1-60.7],47.7 [33.9-60.8],47.5 [33.8-60.7],47.1 [33.2-60.5],46.5 [32.0-60.2],45.9 [31.1-59.6],45.3 [30.2-59.5],44.7 [29.2-59.6],44.3 [27.6-60.0],44.0 [26.5-60.9]
Nepal,44.6 [26.4-63.8],44.5 [28.1-60.9],44.5 [29.8-58.7],44.6 [31.3-56.8],44.8 [32.7-55.4],45.1 [34.2-54.6],45.5 [35.7-54.5],46.0 [37.0-54.8],46.7 [38.2-55.2],47.5 [38.9-56.2],48.3 [39.7-56.9],49.3 [40.7-58.3],50.4 [41.7-59.9],51.7 [42.2-61.6],53.1 [42.8-63.6],54.6 [43.8-65.4],56.3 [44.9-67.6],58.0 [45.6-69.8],59.8 [46.5-71.7],61.7 [47.2-73.7]
Netherlands,15.5 [5.7-33.9],15.1 [5.7-32.8],14.6 [5.8-31.6],14.1 [5.8-30.3],13.7 [5.8-29.4],13.4 [5.8-28.7],13.0 [5.8-28.0],12.7 [5.8-27.5],12.5 [5.7-27.2],12.4 [5.8-27.1],12.4 [5.8-27.2],12.4 [5.8-27.2],12.4 [5.8-26.7],12.4 [5.9-26.6],12.4 [5.9-26.9],12.3 [5.9-26.7],12.1 [5.9-26.9],12.0 [5.8-27.0],11.9 [5.9-27.0],11.8 [5.9-27.7]
New Zealand,15.3 [5.7-34.4],14.9 [5.8-33.1],14.5 [5.9-32.1],14.1 [5.9-31.0],13.8 [5.9-29.7],13.4 [6.0-29.0],13.1 [6.0-27.9],13.0 [6.0-27.5],12.7 [6.0-26.8],12.5 [6.0-26.5],12.4 [6.0-26.6],12.4 [6.0-26.3],12.3 [6.0-26.7],12.2 [6.0-26.7],12.2 [6.0-26.4],12.3 [6.1-26.7],12.3 [6.1-26.5],12.4 [6.1-26.9],12.5 [6.1-27.2],12.7 [6.1-28.2]
Nicaragua,20.9 [7.5-37.4],20.2 [7.7-35.7],19.6 [8.0-33.8],19.0 [8.3-32.0],18.5 [8.4-30.3],18.2 [8.8-28.7],17.8 [9.1-27.4],17.6 [9.6-26.5],17.4 [10.0-25.9],17.5 [10.5-25.5],17.8 [11.2-25.3],18.0 [11.8-25.2],18.4 [12.6-25.3],19.2 [13.7-25.7],20.2 [15.0-26.3],21.4 [16.4-27.2],23.0 [17.4-28.7],24.7 [18.3-30.9],26.7 [19.2-33.7],28.8 [19.9-36.9]
Niger,72.0 [59.7-79.8],72.9 [62.6-79.6],73.8 [65.2-79.7],74.5 [67.1-79.8],75.1 [68.6-79.8],75.6 [69.8-80.0],76.0 [70.7-80.2],76.5 [71.5-80.4],77.1 [72.0-80.8],77.8 [72.8-81.3],78.5 [73.7-82.0],79.3 [74.7-82.6],80.0 [75.6-83.3],80.8 [76.5-83.9],81.5 [77.3-84.5],82.1 [77.9-85.2],82.7 [78.5-85.8],83.2 [79.0-86.5],83.6 [79.2-87.1],83.9 [79.0-87.6]
Nigeria,68.9 [61.2-75.1],69.7 [63.1-74.7],70.4 [64.7-74.9],70.9 [65.8-75.2],71.3 [66.3-75.5],71.5 [66.5-75.9],71.8 [66.5-76.2],71.9 [66.3-76.6],72.2 [66.3-76.9],72.6 [66.3-77.6],73.1 [66.3-78.2],73.6 [66.5-78.9],74.3 [67.2-79.6],75.0 [67.8-80.4],75.8 [68.6-81.1],76.6 [69.5-81.8],77.4 [70.0-82.6],78.1 [70.6-83.3],78.7 [71.5-83.9],79.3 [71.8-84.4]
Niue,36.3 [15.2-59.6],36.5 [16.4-58.6],36.9 [17.4-58.4],37.2 [18.4-58.4],37.5 [19.4-58.5],37.8 [20.1-58.6],38.2 [20.8-59.2],38.5 [21.1-59.5],38.8 [21.4-59.7],39.0 [21.5-60.5],39.3 [21.2-60.8],39.5 [21.4-61.1],39.5 [21.1-61.0],39.2 [21.2-61.0],38.6 [20.6-60.3],37.8 [19.9-59.5],36.8 [18.9-58.4],35.6 [17.7-57.5],34.5 [16.5-56.2],33.4 [15.5-55.4]
Norway,13.5 [5.4-32.5],13.1 [5.5-31.0],12.8 [5.5-29.9],12.5 [5.5-28.6],12.2 [5.5-27.9],12.0 [5.5-27.3],11.9 [5.5-26.4],11.8 [5.5-26.0],11.7 [5.6-25.9],11.7 [5.6-26.1],11.7 [5.6-26.0],11.7 [5.6-26.0],11.7 [5.6-26.1],11.7 [5.6-26.1],11.7 [5.7-26.3],11.7 [5.7-26.5],11.8 [5.7-26.6],11.9 [5.7-26.9],12.0 [5.6-27.2],12.2 [5.7-27.7]
Oman,24.3 [12.9-37.8],24.7 [14.4-36.8],25.2 [15.3-36.2],25.6 [15.9-36.3],26.1 [16.3-36.8],26.8 [16.6-37.5],27.6 [17.1-38.9],28.4 [17.5-40.7],29.4 [18.1-42.3],30.5 [19.1-43.7],31.8 [19.8-45.0],33.0 [20.9-45.8],34.1 [22.1-46.5],35.1 [22.8-47.1],35.8 [23.3-47.4],36.6 [24.1-48.0],37.4 [24.7-48.7],38.0 [25.5-49.2],38.7 [26.2-49.9],39.6 [27.0-51.1]
Pakistan,53.0 [37.6-68.4],53.8 [40.3-67.1],54.6 [42.4-66.6],55.4 [44.3-66.1],56.1 [45.7-65.7],56.8 [46.9-65.9],57.5 [47.8-66.2],58.2 [48.7-66.8],58.7 [48.9-67.4],59.0 [49.1-67.8],59.3 [49.3-68.3],59.5 [49.1-68.8],59.6 [49.1-69.1],59.7 [49.2-69.6],59.7 [49.4-69.6],59.8 [49.7-69.9],60.0 [50.0-70.1],60.3 [50.3-70.5],60.8 [50.1-71.3],61.7 [50.1-72.8]
Palau,33.5 [13.8-58.2],33.7 [14.7-56.3],34.0 [15.7-55.0],34.2 [16.7-53.9],34.4 [17.3-54.1],34.7 [18.0-54.7],35.1 [18.3-55.6],35.5 [18.6-56.4],35.8 [19.1-57.5],36.1 [19.4-58.0],36.4 [19.7-58.2],36.7 [19.7-59.2],36.9 [19.7-59.0],36.9 [19.4-58.8],36.7 [19.4-58.6],36.5 [19.4-58.4],36.2 [18.9-58.4],36.0 [18.4-57.9],35.8 [17.9-57.8],35.6 [17.3-58.3]
Panama,16.0 [9.6-25.2],16.7 [10.2-25.3],17.6 [10.8-25.9],18.5 [11.2-27.2],19.5 [11.5-28.8],20.6 [12.0-30.7],21.8 [12.6-32.2],22.9 [13.2-34.2],24.1 [14.0-35.9],25.2 [14.5-37.4],26.3 [15.2-39.0],27.4 [15.8-40.4],28.4 [16.5-41.3],29.1 [16.9-41.9],29.7 [17.4-42.4],30.1 [17.6-43.0],30.3 [17.9-42.7],30.6 [18.1-42.8],30.8 [18.2-42.6],31.0 [17.7-43.0]
Papua New Guinea,46.7 [25.8-67.8],47.0 [27.9-66.2],47.3 [29.2-64.7],47.6 [30.8-64.1],47.9 [32.3-63.4],48.2 [33.5-62.9],48.5 [34.4-62.6],48.8 [35.4-62.5],49.1 [36.2-62.5],49.3 [36.9-62.9],49.6 [37.8-62.9],50.0 [38.6-62.8],50.2 [39.0-62.8],50.4 [39.1-62.9],50.6 [39.2-62.7],50.6 [38.9-62.8],50.7 [38.2-63.0],50.8 [37.4-63.4],50.9 [36.5-64.5],51.1 [35.4-66.0]
Paraguay,27.9 [11.2-48.6],28.4 [12.1-47.8],29.0 [13.3-47.2],29.2 [14.1-46.8],29.5 [14.7-46.9],29.8 [15.5-47.6],30.1 [16.0-48.0],30.5 [16.3-49.2],30.8 [16.4-49.5],31.1 [16.6-50.4],31.8 [17.1-51.2],32.3 [17.7-51.6],32.7 [18.1-52.8],32.8 [17.9-53.3],32.6 [17.6-52.3],32.3 [17.4-52.1],32.0 [17.0-52.1],31.7 [16.6-51.7],31.4 [16.0-51.9],31.3 [15.5-52.5]
Peru,29.6 [22.1-36.6],30.5 [24.4-36.3],31.5 [26.7-36.3],32.5 [28.3-36.7],33.6 [29.9-37.4],34.7 [31.3-38.3],35.8 [32.4-39.3],37.0 [33.5-40.6],38.3 [34.6-42.2],39.6 [35.7-43.7],40.9 [36.7-45.2],42.0 [37.4-46.7],43.0 [37.9-48.2],43.7 [38.3-49.2],44.2 [38.6-50.0],44.4 [38.9-50.2],44.4 [38.9-50.0],44.3 [38.9-49.9],44.2 [39.0-49.6],44.1 [39.1-49.5]
Philippines,13.5 [10.0-17.8],13.8 [10.2-18.2],14.2 [10.4-18.9],14.7 [10.7-19.7],15.3 [11.1-20.7],16.1 [11.7-21.8],17.1 [12.5-23.1],18.5 [13.5-24.9],19.9 [14.5-26.5],21.5 [15.7-28.2],23.0 [16.7-29.7],24.6 [17.7-31.3],26.3 [18.8-33.0],27.9 [19.8-34.6],29.2 [20.5-36.1],30.6 [20.9-37.6],31.8 [21.6-39.0],32.9 [22.0-40.6],34.0 [22.5-42.2],35.0 [22.6-44.0]
Portugal,14.3 [5.7-32.4],13.9 [5.7-31.1],13.6 [5.7-30.0],13.4 [5.7-29.2],13.2 [5.7-28.6],13.0 [5.7-27.9],12.8 [5.8-27.3],12.7 [5.8-26.8],12.6 [5.8-26.7],12.5 [5.7-26.5],12.4 [5.7-26.4],12.4 [5.7-26.3],12.4 [5.7-26.4],12.5 [5.8-26.7],12.6 [5.8-26.9],12.7 [5.9-27.6],13.0 [6.0-28.1],13.2 [6.1-29.3],13.6 [6.2-30.1],14.0 [6.4-31.3]
Qatar,22.4 [9.2-37.0],22.2 [9.8-36.0],22.0 [10.4-35.2],21.9 [10.9-34.2],21.8 [11.2-33.7],21.8 [11.3-33.4],21.9 [11.4-33.4],22.0 [11.5-33.7],22.1 [11.4-34.4],22.3 [11.4-35.1],22.6 [11.4-35.7],22.8 [11.4-35.9],23.0 [11.4-36.5],23.3 [11.4-37.2],23.5 [11.4-37.4],23.8 [11.4-37.4],24.0 [11.5-37.9],24.2 [11.5-38.2],24.6 [11.4-39.2],25.2 [11.4-40.4]
Republic of Korea,15.0 [5.6-33.4],14.7 [5.7-31.9],14.4 [5.7-31.0],14.2 [5.7-30.0],14.1 [5.8-29.2],13.9 [5.7-28.4],13.9 [5.7-28.4],13.8 [5.8-27.9],13.8 [5.8-27.6],13.8 [5.9-27.4],13.8 [5.9-27.5],13.9 [6.0-27.5],14.1 [6.1-27.6],14.2 [6.2-27.6],14.3 [6.3-27.4],14.4 [6.4-27.6],14.5 [6.4-27.7],14.5 [6.5-27.8],14.6 [6.6-27.6],14.7 [6.7-27.6]
Republic of Moldova,27.0 [11.8-45.4],26.7 [12.7-42.9],26.5 [13.8-40.5],26.3 [15.0-38.7],26.3 [16.0-37.2],26.3 [17.0-36.5],26.4 [17.9-35.9],26.8 [19.0-36.0],27.4 [19.7-36.4],27.8 [20.2-36.7],28.4 [20.7-36.7],29.0 [21.1-37.1],29.9 [21.5-38.0],30.8 [22.1-39.2],31.7 [22.5-40.4],32.7 [23.2-41.8],34.0 [24.0-43.7],35.5 [24.7-46.1],37.0 [25.0-48.9],38.6 [25.3-52.0]
North Macedonia,20.4 [8.6-36.9],21.4 [10.1-37.1],22.9 [11.7-37.7],24.2 [13.2-38.0],24.7 [13.9-37.4],24.0 [13.9-35.8],22.7 [13.8-33.4],21.6 [13.3-31.8],21.0 [13.0-30.8],21.0 [12.9-31.3],21.6 [13.0-32.6],22.6 [13.4-34.5],23.4 [13.9-35.7],24.0 [14.3-36.7],24.4 [14.8-36.6],24.5 [15.2-36.3],24.5 [15.5-35.8],24.4 [15.9-35.4],24.6 [16.1-35.2],25.1 [16.7-35.6]
Romania,27.1 [10.5-46.3],27.3 [11.6-45.2],27.6 [12.7-44.1],28.1 [13.7-43.8],28.6 [14.5-43.7],29.3 [15.4-44.1],30.0 [16.2-44.4],30.6 [17.1-44.7],31.2 [17.5-45.7],31.6 [17.8-46.3],32.0 [17.9-47.2],32.5 [18.1-48.2],33.3 [18.4-49.3],34.2 [19.1-50.4],35.1 [19.3-51.7],35.5 [19.8-52.6],35.7 [19.7-53.2],35.6 [19.5-53.4],35.6 [19.2-53.6],36.0 [19.0-55.0]
Russian Federation,21.9 [7.8-39.3],21.8 [8.2-39.0],21.8 [8.5-38.6],22.0 [9.1-38.2],22.2 [9.6-38.8],22.5 [10.1-39.1],22.7 [10.4-39.9],23.0 [10.5-40.7],23.1 [10.7-40.7],23.4 [10.8-41.5],23.8 [11.1-42.6],24.4 [11.3-43.9],25.0 [11.6-45.6],25.7 [11.9-46.7],26.5 [12.0-48.1],27.3 [12.4-49.2],28.1 [12.9-50.5],28.8 [13.1-50.4],29.4 [13.3-51.1],29.9 [13.4-52.1]
Rwanda,37.9 [29.2-47.9],37.8 [30.0-46.7],37.6 [30.4-45.7],37.5 [30.7-44.9],37.4 [30.7-44.8],37.6 [30.8-44.9],37.8 [31.3-45.0],38.4 [31.9-46.0],39.3 [32.8-46.9],40.6 [33.8-48.3],41.9 [34.9-50.0],43.5 [36.2-52.0],45.4 [37.4-54.2],47.5 [38.8-56.7],49.7 [40.3-59.2],52.0 [41.9-61.8],54.5 [43.8-64.4],56.8 [45.6-66.6],59.1 [47.7-69.0],61.3 [49.3-71.4]
Saint Kitts and Nevis,20.4 [8.4-39.8],20.4 [8.8-39.1],20.4 [9.1-38.7],20.7 [9.4-38.8],21.0 [9.9-38.5],21.3 [10.2-38.9],21.8 [10.6-40.0],22.4 [11.1-40.7],22.8 [11.2-41.0],23.5 [11.5-42.0],23.7 [11.5-42.0],23.9 [11.5-41.7],24.0 [11.5-41.9],24.2 [11.6-42.6],24.3 [11.7-42.8],24.4 [11.6-43.0],24.5 [11.5-43.2],24.7 [11.4-43.9],25.0 [11.5-44.2],25.5 [11.7-44.6]
Saint Lucia,22.5 [9.4-44.1],22.2 [9.8-42.4],22.0 [10.2-40.7],21.9 [10.4-41.0],21.8 [10.5-40.6],21.8 [10.5-40.1],21.8 [10.8-40.5],21.9 [10.7-40.2],22.1 [10.9-40.3],22.3 [11.1-41.4],22.5 [11.1-41.6],22.6 [11.0-41.9],22.6 [10.8-41.4],22.6 [10.7-41.2],22.5 [10.7-40.7],22.3 [10.5-40.2],22.2 [10.4-40.1],21.9 [10.1-39.7],22.0 [9.9-39.9],22.2 [10.0-40.2]
Saint Vincent and the Grenadines,20.3 [8.4-39.8],20.4 [8.9-39.4],20.7 [9.4-39.0],21.0 [9.8-39.0],21.5 [10.3-39.1],21.9 [10.8-39.0],22.3 [11.0-39.7],22.8 [11.3-40.4],23.4 [11.6-41.5],23.9 [11.8-42.2],24.4 [12.1-42.6],24.8 [12.4-43.1],25.2 [12.5-43.3],25.5 [12.6-43.8],25.7 [12.7-43.8],26.0 [12.7-43.9],26.1 [12.8-44.4],26.3 [12.8-44.6],26.4 [12.8-44.8],26.7 [12.8-45.1]
Samoa,35.5 [18.9-52.8],35.6 [20.5-50.7],35.8 [22.0-49.4],36.1 [23.4-48.4],36.2 [24.1-47.9],36.6 [24.7-48.1],36.7 [25.1-48.3],36.8 [24.9-49.1],36.9 [24.7-50.0],36.8 [24.2-50.4],36.8 [23.6-51.2],36.6 [23.0-51.4],36.4 [22.4-51.7],36.0 [21.7-51.4],35.4 [21.2-51.0],34.8 [20.8-49.9],34.3 [20.3-49.1],33.9 [19.9-48.5],33.7 [19.4-47.8],33.6 [19.2-47.9]
San Marino,12.8 [5.3-31.5],12.5 [5.3-30.4],12.3 [5.4-29.0],12.0 [5.4-28.0],11.8 [5.4-26.8],11.6 [5.4-26.3],11.5 [5.4-25.2],11.4 [5.5-25.0],11.3 [5.5-24.5],11.3 [5.5-24.7],11.3 [5.5-24.9],11.3 [5.6-25.0],11.4 [5.6-25.1],11.5 [5.6-25.3],11.5 [5.6-25.4],11.6 [5.7-25.7],11.7 [5.7-25.9],11.8 [5.8-26.5],12.0 [5.8-27.2],12.3 [5.9-28.3]
Sao Tome and Principe,58.8 [44.0-71.4],59.4 [46.3-70.4],59.9 [48.3-69.4],60.3 [49.7-68.8],60.6 [51.0-68.4],60.8 [51.8-67.9],60.9 [52.3-67.8],61.0 [52.8-68.0],61.2 [52.8-68.4],61.6 [52.8-68.9],62.1 [53.3-69.6],62.6 [53.6-70.3],63.4 [53.9-71.2],64.3 [54.4-72.2],65.2 [54.9-73.1],66.2 [55.8-74.1],67.3 [56.9-75.1],68.4 [57.8-76.1],69.4 [58.5-77.2],70.5 [58.9-78.4]
Saudi Arabia,21.8 [7.9-38.1],21.4 [8.3-37.2],21.2 [8.8-36.9],20.9 [9.0-36.7],20.9 [9.2-36.5],20.9 [9.5-36.9],21.1 [9.8-36.6],21.5 [10.0-37.7],22.0 [10.4-38.5],22.6 [10.8-39.1],23.4 [11.2-40.2],24.0 [11.4-41.5],24.8 [11.9-42.8],25.6 [12.3-43.9],26.2 [12.9-44.8],26.6 [13.2-45.4],27.1 [13.3-46.2],27.7 [13.4-46.7],28.4 [13.8-48.0],29.4 [14.2-48.5]
Senegal,67.9 [58.5-74.5],68.9 [61.7-74.2],69.9 [64.2-74.2],70.8 [66.3-74.3],71.7 [67.8-74.8],72.6 [69.0-75.5],73.5 [70.1-76.4],74.5 [70.9-77.4],75.5 [71.8-78.4],76.5 [72.7-79.6],77.6 [73.6-80.6],78.6 [74.6-81.6],79.5 [75.5-82.4],80.3 [76.2-83.3],81.0 [77.0-83.9],81.6 [77.7-84.5],82.1 [78.1-85.1],82.4 [78.4-85.5],82.6 [78.3-86.0],82.7 [78.0-86.4]
Serbia,19.5 [7.3-36.7],19.1 [7.7-35.5],18.7 [7.9-34.3],18.4 [8.1-33.4],18.2 [8.3-32.7],18.1 [8.5-32.2],18.0 [8.5-31.8],18.0 [8.5-31.6],18.0 [8.5-31.9],18.1 [8.6-32.5],18.1 [8.8-32.3],18.2 [8.7-32.2],18.3 [8.8-32.4],18.4 [8.9-32.7],18.6 [9.2-32.8],19.0 [9.5-32.8],19.5 [9.9-33.3],20.1 [10.2-34.0],20.5 [10.6-34.2],21.0 [10.6-35.3]
Seychelles,30.6 [12.8-54.0],30.1 [13.4-52.0],29.6 [13.8-50.7],29.1 [13.8-49.7],28.6 [13.7-47.7],28.1 [13.5-47.2],27.7 [13.3-46.5],27.4 [13.3-46.5],27.3 [13.0-46.4],27.2 [12.9-46.6],27.2 [12.8-46.4],27.3 [12.8-46.9],27.5 [12.9-47.1],27.5 [12.8-47.2],27.6 [12.5-47.7],27.5 [12.4-47.1],27.4 [12.2-46.9],27.4 [11.8-46.6],27.4 [11.9-46.7],27.5 [11.6-47.2]
Sierra Leone,73.4 [67.8-77.8],74.5 [70.1-78.1],75.4 [71.8-78.4],76.2 [73.1-78.8],76.8 [73.8-79.2],77.1 [74.2-79.5],77.4 [74.3-79.7],77.6 [74.4-80.1],77.7 [74.3-80.4],77.9 [74.3-80.9],78.1 [74.3-81.3],78.4 [74.5-81.7],78.8 [74.8-82.3],79.2 [75.2-82.8],79.7 [75.5-83.3],80.2 [76.0-83.8],80.7 [76.5-84.3],81.2 [77.0-84.8],81.7 [77.3-85.3],82.2 [77.4-85.9]
Singapore,13.5 [5.5-31.5],13.2 [5.5-30.3],12.9 [5.5-29.1],12.6 [5.6-27.9],12.3 [5.5-27.2],12.1 [5.5-26.6],11.9 [5.5-25.9],11.7 [5.5-25.6],11.6 [5.5-25.2],11.4 [5.5-25.4],11.3 [5.5-25.3],11.3 [5.5-25.0],11.2 [5.5-25.3],11.1 [5.5-25.0],11.1 [5.5-24.9],11.1 [5.5-25.3],11.1 [5.6-25.6],11.1 [5.6-25.8],11.2 [5.6-26.4],11.4 [5.6-27.5]
Slovakia,23.7 [8.3-42.6],23.4 [8.7-41.2],23.0 [9.1-39.9],22.7 [9.6-39.0],22.4 [9.7-38.4],22.1 [9.8-37.8],22.0 [10.0-37.5],21.8 [10.0-37.6],21.7 [9.8-37.7],21.6 [9.9-38.3],21.7 [9.8-38.7],21.7 [9.7-39.3],21.9 [9.9-39.9],22.0 [9.8-40.2],22.2 [10.0-40.3],22.4 [10.0-40.9],22.5 [9.9-41.7],22.5 [9.9-41.4],22.7 [10.0-41.8],22.9 [9.9-42.4]
Slovenia,18.2 [6.3-35.6],17.9 [6.5-34.9],17.5 [6.7-33.9],17.2 [6.9-33.1],17.0 [7.1-32.8],16.8 [7.0-32.3],16.7 [7.1-31.7],16.7 [7.1-31.5],16.7 [7.2-31.6],16.7 [7.3-31.7],16.8 [7.3-31.8],17.0 [7.4-31.9],17.2 [7.4-32.4],17.3 [7.6-32.7],17.4 [7.5-33.4],17.6 [7.5-33.9],17.7 [7.6-34.0],17.8 [7.6-34.8],18.0 [7.5-35.2],18.3 [7.5-36.2]
Solomon Islands,38.1 [23.3-52.8],38.7 [26.0-51.3],39.5 [28.8-50.5],40.2 [31.3-49.9],41.0 [33.3-49.7],41.7 [34.5-50.0],42.4 [35.1-50.6],43.1 [35.6-51.5],43.8 [36.1-52.4],44.5 [36.5-53.1],45.0 [37.0-53.7],45.5 [37.4-54.2],45.9 [37.4-54.6],46.0 [37.3-54.7],45.9 [36.9-54.9],45.7 [36.2-55.1],45.4 [35.3-55.5],45.1 [33.9-55.8],44.7 [32.4-56.1],44.4 [31.0-57.1]
Somalia,51.8 [39.7-65.8],52.7 [41.7-65.6],53.8 [43.1-65.4],54.7 [44.2-65.5],55.5 [45.0-66.1],56.3 [45.8-66.6],57.1 [46.5-67.1],57.8 [47.0-67.9],58.5 [47.7-68.6],59.3 [48.2-69.3],60.0 [48.9-70.1],60.8 [49.7-70.9],61.4 [50.0-71.8],61.9 [50.5-72.4],62.3 [50.8-72.6],62.5 [51.2-73.0],62.8 [51.2-73.4],63.1 [51.8-73.9],63.4 [51.7-74.3],63.9 [51.5-75.2]
South Africa,44.4 [24.2-67.3],42.9 [24.7-63.5],41.2 [24.6-60.1],39.6 [24.5-57.1],38.0 [23.9-54.3],36.6 [23.2-52.1],35.3 [22.5-50.7],34.5 [21.7-50.1],34.6 [21.5-50.4],35.6 [22.2-52.0],37.2 [22.9-54.2],38.9 [23.8-56.2],40.1 [25.0-57.6],40.9 [25.6-58.4],40.8 [25.2-58.4],40.8 [25.2-58.9],40.6 [24.8-58.4],40.7 [24.3-58.8],41.0 [24.0-60.1],41.3 [23.5-60.9]
South Sudan,60.5 [39.5-77.4],60.2 [39.9-76.7],59.9 [40.3-76.0],59.5 [40.4-75.5],59.1 [40.6-74.7],58.7 [40.8-74.2],58.4 [40.7-74.4],58.4 [40.6-74.5],58.8 [40.6-75.0],59.5 [41.4-75.5],60.4 [42.0-76.3],61.4 [42.9-77.2],62.4 [43.8-77.8],63.5 [45.0-78.5],64.6 [46.4-79.1],65.7 [47.9-79.6],66.9 [49.5-80.3],68.1 [50.8-80.8],69.3 [51.9-81.9],70.7 [53.5-82.8]
Spain,14.6 [5.6-33.9],14.2 [5.6-32.8],13.9 [5.7-31.8],13.6 [5.7-31.0],13.4 [5.7-30.3],13.2 [5.7-29.3],13.0 [5.7-28.5],12.9 [5.7-27.9],12.7 [5.7-27.4],12.5 [5.8-26.9],12.4 [5.7-26.6],12.3 [5.8-26.5],12.2 [5.8-26.5],12.0 [5.8-26.5],11.9 [5.8-26.4],11.8 [5.8-26.5],11.8 [5.8-26.5],11.8 [5.8-26.8],11.8 [5.8-27.2],12.0 [5.8-27.7]
Sri Lanka,25.1 [10.6-39.3],24.9 [11.6-38.1],24.7 [12.6-37.1],24.6 [13.5-36.2],24.6 [14.2-35.4],24.7 [15.1-34.9],24.9 [15.8-34.8],25.1 [16.6-34.2],25.5 [17.5-34.3],26.0 [18.2-34.3],26.5 [18.9-34.5],27.1 [19.7-34.6],27.9 [20.5-35.1],28.6 [21.6-35.9],29.3 [22.3-36.7],29.9 [22.9-37.3],30.5 [23.6-37.8],31.1 [24.1-38.6],31.8 [24.5-39.4],32.6 [24.9-40.6]
Sudan,50.8 [28.1-74.1],50.9 [29.5-73.5],51.1 [30.7-73.5],51.2 [31.9-73.7],51.4 [32.3-73.6],51.6 [32.4-74.0],51.9 [33.1-74.2],52.2 [33.3-74.4],52.5 [33.5-74.5],52.9 [34.0-74.7],53.4 [34.1-75.1],54.0 [34.7-75.3],54.6 [35.0-75.7],55.3 [35.7-76.2],56.0 [36.5-77.1],56.8 [37.2-77.8],57.7 [38.2-78.4],58.7 [39.4-78.7],60.0 [40.9-79.4],61.5 [42.4-80.2]
Suriname,25.9 [10.3-46.2],26.0 [11.2-44.9],26.2 [11.9-44.3],26.4 [12.4-43.7],26.7 [12.8-43.8],27.0 [13.4-43.9],27.3 [13.7-44.3],27.8 [14.3-44.9],28.4 [14.8-45.4],29.0 [15.0-46.1],29.7 [15.6-47.3],30.4 [15.7-48.5],31.0 [16.3-49.6],31.6 [16.4-50.3],31.9 [16.6-50.5],32.2 [16.6-50.8],32.5 [16.8-51.2],32.7 [17.1-51.3],32.9 [17.1-51.8],33.1 [16.9-52.8]
Sweden,14.6 [5.5-33.3],14.2 [5.6-32.0],13.9 [5.6-31.2],13.5 [5.6-30.3],13.2 [5.6-29.3],12.9 [5.6-28.2],12.6 [5.6-27.4],12.4 [5.6-26.9],12.2 [5.6-26.5],12.1 [5.6-26.1],12.1 [5.6-26.0],12.1 [5.6-26.0],12.1 [5.6-26.1],12.1 [5.6-26.1],12.1 [5.6-26.0],12.1 [5.6-26.4],12.2 [5.6-26.7],12.2 [5.6-26.9],12.3 [5.6-27.7],12.4 [5.6-28.4]
Switzerland,14.0 [5.6-32.9],13.6 [5.6-31.4],13.2 [5.7-30.3],12.8 [5.7-28.8],12.4 [5.7-28.0],12.1 [5.7-27.1],11.8 [5.7-26.4],11.6 [5.7-25.9],11.4 [5.7-25.2],11.3 [5.6-24.9],11.2 [5.6-24.8],11.1 [5.6-24.3],11.1 [5.7-24.6],11.1 [5.7-24.4],11.0 [5.7-24.3],11.0 [5.7-24.6],11.0 [5.7-24.4],11.0 [5.7-24.8],11.0 [5.7-25.1],11.1 [5.7-25.5]
Syrian Arab Republic,32.9 [14.3-56.1],32.5 [15.0-53.7],32.0 [15.4-51.6],31.6 [15.8-50.9],31.2 [16.1-50.3],30.9 [16.1-49.1],30.7 [16.3-48.7],30.6 [16.1-48.4],30.5 [16.1-48.4],30.5 [16.0-48.5],30.6 [15.7-49.0],30.8 [15.5-49.4],31.0 [15.6-49.9],31.1 [15.5-50.4],31.4 [15.6-50.4],31.6 [15.9-50.2],31.8 [15.8-50.6],32.1 [16.0-51.0],32.6 [16.2-51.7],33.3 [16.6-52.3]
Tajikistan,37.0 [26.8-49.1],36.3 [27.6-46.3],35.6 [28.0-43.8],34.6 [27.8-42.0],33.8 [27.3-40.9],33.3 [26.8-40.3],32.9 [26.5-40.3],32.6 [26.0-40.3],32.5 [25.8-40.3],32.7 [25.9-40.8],33.4 [26.3-41.6],34.1 [26.9-42.4],35.0 [27.6-43.3],36.0 [28.5-44.4],37.0 [29.3-45.7],38.5 [30.8-47.2],40.4 [32.2-48.9],42.2 [33.3-51.1],44.1 [34.7-53.6],46.1 [35.7-56.3]
Thailand,24.9 [10.9-37.8],24.7 [11.8-36.7],24.6 [12.9-35.6],24.5 [13.8-34.8],24.4 [14.7-33.9],24.3 [15.2-33.2],24.2 [15.7-32.9],24.3 [16.0-32.6],24.3 [16.3-32.6],24.4 [16.3-32.8],24.5 [16.4-33.3],24.7 [16.2-33.6],24.9 [16.2-34.0],25.1 [16.2-34.3],25.2 [16.2-34.7],25.4 [16.2-35.1],25.7 [16.4-35.5],26.0 [16.4-36.1],26.2 [16.4-36.5],26.5 [16.4-37.0]
Timor-Leste,46.3 [35.8-58.5],46.1 [37.1-56.6],46.1 [38.3-55.4],46.0 [38.7-54.6],45.9 [38.9-54.1],45.7 [38.7-53.6],45.5 [38.5-53.5],45.2 [37.9-53.5],45.0 [37.5-53.6],44.9 [37.0-53.8],44.9 [36.6-54.5],45.1 [36.2-55.0],45.4 [35.6-55.8],45.8 [35.3-56.7],46.3 [34.7-57.5],46.8 [34.6-58.3],47.7 [34.8-59.3],48.7 [35.2-60.8],49.9 [35.4-62.4],51.3 [36.0-64.3]
Togo,72.4 [63.2-78.4],72.8 [65.1-77.9],73.1 [66.7-77.5],73.3 [67.7-77.4],73.3 [68.3-77.5],73.3 [68.0-77.7],73.2 [67.4-78.0],73.1 [66.6-78.4],73.2 [65.9-78.9],73.3 [65.3-79.4],73.6 [65.2-80.0],74.1 [65.2-80.5],74.6 [65.7-81.0],75.3 [66.5-81.7],76.0 [67.5-82.5],76.7 [68.5-82.9],77.5 [69.4-83.5],78.3 [70.5-83.9],79.1 [71.6-84.6],79.8 [72.2-85.1]
Tonga,34.0 [14.0-56.0],34.0 [15.5-55.2],34.0 [16.7-54.6],34.0 [17.3-53.8],33.9 [17.6-53.0],33.9 [18.2-53.0],33.9 [18.3-53.0],34.0 [18.4-53.3],34.0 [18.4-53.4],34.0 [18.4-53.5],34.0 [18.4-54.0],34.0 [18.5-54.2],33.8 [18.3-54.2],33.5 [17.8-53.6],33.2 [17.2-53.2],32.7 [16.7-52.4],32.3 [16.2-51.8],31.9 [15.7-51.4],31.6 [15.4-51.1],31.3 [14.5-50.8]
Trinidad and Tobago,22.9 [9.1-41.8],23.0 [9.6-41.2],23.2 [10.2-40.6],23.6 [10.6-40.5],24.0 [11.2-40.3],24.4 [11.7-41.1],24.8 [12.1-42.0],25.5 [12.5-43.2],26.2 [13.1-44.5],26.9 [13.4-45.8],27.7 [14.0-46.7],28.3 [14.4-47.5],28.8 [14.8-48.3],29.3 [15.1-49.1],29.7 [15.1-49.6],29.9 [15.2-49.4],30.2 [15.2-49.3],30.4 [15.3-49.0],30.5 [15.2-49.6],30.8 [15.2-50.3]
Tunisia,30.4 [12.8-51.3],30.1 [13.5-49.5],29.8 [14.1-48.0],29.5 [14.4-47.3],29.3 [14.8-47.1],29.3 [14.8-47.2],29.3 [14.9-47.4],29.4 [15.4-47.6],29.6 [15.5-47.6],29.8 [15.6-48.3],30.2 [15.4-48.9],30.6 [15.5-49.8],31.1 [15.7-50.0],31.6 [16.1-50.6],32.0 [16.3-51.5],32.4 [16.7-51.7],33.0 [17.1-52.3],33.6 [17.7-52.7],34.4 [18.4-53.9],35.6 [18.9-55.0]
Turkmenistan,33.1 [15.4-55.0],32.7 [16.1-52.4],32.2 [16.9-50.3],31.7 [17.2-48.9],31.2 [17.3-47.7],31.0 [17.2-47.9],30.9 [17.2-47.4],30.8 [16.9-47.2],30.9 [16.8-47.8],31.1 [16.8-48.4],31.7 [17.4-49.1],32.3 [17.9-49.9],33.1 [18.6-50.6],33.9 [19.3-51.4],34.9 [20.2-51.9],36.0 [21.6-52.5],37.2 [23.0-53.3],38.2 [24.2-54.0],39.3 [25.4-55.0],40.7 [26.6-56.5]
Tuvalu,41.9 [20.2-65.1],42.8 [22.0-64.4],43.7 [24.5-63.9],44.7 [27.0-63.4],45.5 [28.6-63.0],46.5 [30.4-62.8],47.4 [31.6-62.9],48.3 [32.9-63.2],49.1 [33.9-63.6],49.8 [34.6-63.9],50.4 [35.3-64.2],51.0 [35.6-64.6],51.4 [35.8-64.8],51.3 [35.8-64.9],51.1 [35.1-65.1],50.7 [34.4-65.1],50.2 [33.6-65.1],49.7 [32.4-65.4],49.2 [31.3-65.5],48.8 [30.3-66.2]
Uganda,51.7 [42.9-60.5],52.2 [45.0-59.6],52.7 [46.1-59.1],53.2 [47.2-59.2],53.9 [47.8-59.8],54.6 [48.3-60.9],55.6 [48.8-62.0],56.7 [49.9-63.2],58.1 [51.1-64.7],59.5 [52.1-66.1],61.2 [53.7-67.8],62.8 [55.0-69.5],64.4 [56.7-71.1],66.0 [58.3-72.5],67.4 [59.9-73.8],68.7 [61.6-75.0],69.8 [62.7-76.0],70.9 [64.1-77.0],71.9 [64.9-78.0],72.9 [65.5-79.2]
Ukraine,25.6 [9.7-42.6],25.1 [10.3-41.0],24.6 [10.6-39.9],24.1 [10.8-38.4],23.8 [11.0-37.5],23.5 [11.3-36.7],23.4 [11.6-36.4],23.4 [11.7-37.0],23.5 [11.9-37.1],23.7 [12.0-37.6],24.1 [12.4-38.4],24.6 [12.7-38.7],24.9 [13.1-39.4],25.2 [13.4-39.9],25.6 [14.0-40.1],26.1 [14.4-40.8],26.5 [14.7-41.3],26.9 [14.6-41.7],27.3 [14.4-42.7],27.8 [14.2-43.7]
United Arab Emirates,20.4 [7.6-38.1],20.0 [7.8-37.1],19.6 [8.1-36.2],19.4 [8.2-35.5],19.3 [8.5-35.0],19.3 [8.6-34.7],19.4 [8.9-34.8],19.5 [8.8-34.8],19.4 [8.8-35.0],19.3 [8.7-35.2],19.4 [8.7-35.3],19.4 [8.7-35.2],19.3 [8.7-35.3],18.9 [8.6-35.3],18.7 [8.5-35.3],18.9 [8.6-35.6],19.1 [8.6-36.1],19.1 [8.5-36.1],19.2 [8.5-36.7],19.6 [8.5-37.9]
United Kingdom of Great Britain and Northern Ireland,15.5 [6.0-33.9],15.0 [6.1-32.7],14.7 [6.1-31.5],14.4 [6.2-29.8],14.2 [6.3-28.3],14.0 [6.3-27.4],13.8 [6.4-26.4],13.8 [6.4-26.0],13.8 [6.5-25.8],13.7 [6.5-25.6],13.7 [6.5-25.2],13.6 [6.6-25.4],13.6 [6.5-25.4],13.6 [6.5-25.6],13.5 [6.4-25.5],13.5 [6.4-25.7],13.5 [6.4-26.5],13.5 [6.4-27.0],13.6 [6.4-28.1],13.7 [6.4-29.0]
United Republic of Tanzania,56.1 [42.0-68.7],56.6 [44.4-67.5],57.2 [46.7-66.4],57.7 [48.9-65.6],58.3 [50.4-65.4],58.7 [51.8-65.2],59.3 [52.8-65.5],60.1 [54.0-65.8],61.0 [55.0-66.5],62.2 [56.0-67.6],63.4 [57.1-68.8],64.6 [58.1-69.9],65.7 [59.1-71.0],66.8 [60.1-72.0],67.8 [60.8-72.9],68.6 [61.6-73.9],69.5 [62.2-75.1],70.4 [62.8-76.3],71.3 [63.2-77.6],72.1 [63.6-78.9]
United States of America,6.1 [5.1-8.4],6.0 [5.1-7.7],5.9 [5.1-7.2],5.9 [5.1-7.0],5.8 [5.1-6.8],5.8 [5.1-6.7],5.8 [5.1-6.7],5.8 [5.1-6.7],5.8 [5.1-6.6],5.8 [5.1-6.7],5.8 [5.1-6.6],5.8 [5.2-6.6],5.8 [5.2-6.6],5.8 [5.2-6.7],5.9 [5.2-6.7],5.9 [5.2-6.7],5.9 [5.2-6.8],6.0 [5.3-6.9],6.1 [5.3-7.1],6.2 [5.3-7.5]
Uruguay,25.1 [12.2-37.7],25.0 [12.7-37.3],24.8 [12.7-36.9],24.5 [12.7-36.3],24.3 [12.6-36.1],24.0 [12.5-36.0],23.8 [12.3-36.1],23.6 [12.0-36.1],23.3 [11.6-36.2],23.5 [11.5-36.6],23.9 [11.7-37.2],24.2 [11.6-38.2],24.5 [11.8-39.2],24.9 [12.0-39.7],24.8 [12.0-39.7],24.6 [11.7-40.1],24.3 [11.4-39.8],23.8 [11.2-39.7],23.4 [10.8-40.0],23.4 [10.6-40.4]
Uzbekistan,21.9 [12.2-36.5],22.2 [13.5-35.5],22.8 [14.6-34.8],23.7 [15.7-35.0],24.8 [16.5-36.1],26.0 [17.2-37.4],27.5 [18.2-39.7],29.1 [18.9-41.6],30.7 [19.9-43.7],32.5 [20.9-45.6],34.3 [22.1-47.7],36.0 [23.6-49.7],37.8 [25.4-51.3],39.5 [27.1-52.6],41.2 [28.7-53.8],42.7 [30.8-54.5],44.3 [32.8-55.5],46.0 [34.7-56.5],47.6 [36.5-57.9],49.3 [38.2-59.5]
Vanuatu,31.0 [14.5-49.4],31.1 [16.2-47.3],31.3 [17.9-45.0],31.5 [19.8-43.4],31.9 [21.8-42.8],32.3 [23.5-42.5],32.7 [24.6-42.1],33.2 [25.2-42.0],33.6 [25.5-42.1],34.1 [25.5-42.5],34.5 [25.7-43.0],34.9 [25.4-43.4],35.2 [25.3-43.8],35.3 [24.7-44.1],35.3 [24.4-44.3],35.2 [23.7-44.7],35.1 [23.0-45.1],34.8 [22.0-45.5],34.6 [21.1-46.1],34.6 [19.9-47.3]
Venezuela (Bolivarian Republic of),27.9 [11.0-46.5],27.7 [12.0-45.9],27.3 [12.7-45.2],27.0 [13.0-44.1],26.7 [13.3-43.5],26.3 [13.3-42.9],25.8 [13.3-42.4],25.6 [13.2-42.6],25.5 [13.1-42.9],25.8 [13.2-43.1],26.1 [13.2-43.7],26.5 [13.4-44.3],27.1 [13.9-45.2],27.7 [14.1-45.8],28.2 [14.3-45.7],28.6 [14.5-45.7],28.7 [14.5-45.6],28.7 [14.3-45.7],28.8 [14.2-46.1],29.1 [14.1-46.7]
Viet Nam,22.9 [9.5-39.4],22.4 [10.0-37.7],21.9 [10.4-36.1],21.6 [10.8-34.9],21.4 [11.3-33.9],21.2 [11.5-32.7],21.1 [12.0-31.9],21.2 [12.5-31.6],21.4 [12.8-31.7],21.9 [13.3-31.9],22.5 [13.7-32.6],23.4 [14.4-33.5],24.5 [15.4-34.3],25.7 [16.2-35.5],26.9 [17.1-36.6],28.2 [18.2-37.7],29.5 [19.4-38.7],30.8 [20.6-39.9],32.2 [21.6-41.2],33.6 [22.9-42.7]
Yemen,79.5 [33.9-91.1],79.7 [34.7-91.0],79.8 [35.7-90.9],79.9 [35.6-90.8],79.9 [36.1-90.8],79.9 [36.3-90.7],79.9 [36.2-90.7],79.9 [35.6-90.7],79.9 [35.6-90.8],80.0 [35.7-90.8],80.2 [36.1-90.9],80.5 [37.0-91.0],80.9 [38.3-91.1],81.3 [39.0-91.2],81.7 [40.0-91.3],82.0 [41.1-91.3],82.4 [42.2-91.4],82.8 [43.5-91.5],83.2 [44.7-91.6],83.6 [46.2-91.6]
Zambia,55.1 [43.6-65.8],54.9 [44.6-64.3],54.6 [45.3-63.1],54.4 [45.8-62.5],54.2 [46.1-61.9],53.9 [46.0-61.5],53.9 [45.8-61.4],54.0 [45.8-61.6],54.0 [45.8-61.8],54.3 [46.1-62.3],55.0 [46.7-63.1],55.8 [47.4-63.9],56.6 [48.3-64.9],57.6 [49.3-65.8],58.7 [50.6-66.7],59.9 [51.8-68.0],61.2 [53.1-69.2],62.6 [54.5-70.5],64.2 [55.8-72.0],65.6 [56.8-73.3]
Zimbabwe,37.8 [23.4-53.1],38.5 [26.1-51.9],39.6 [28.7-51.8],40.5 [31.4-51.3],41.7 [33.8-51.4],42.8 [35.5-51.8],44.3 [36.8-52.8],46.2 [38.2-54.9],48.3 [39.6-57.2],49.8 [40.5-58.9],50.8 [40.7-60.1],51.2 [40.3-60.5],51.0 [39.7-60.5],50.2 [38.9-59.8],48.9 [37.3-58.7],47.5 [35.5-57.7],45.9 [33.9-56.5],44.2 [31.9-55.5],42.5 [30.0-54.6],41.0 [27.8-54.2]
